batch_id,dataset,stock_id,http_status,error,queued_at
2,TaiwanStockInstitutionalInvestorsBuySell,1762,402,,2026-07-31T09:32:18.793842
3,TaiwanStockPrice,2338,402,,2026-07-31T21:59:16.616149
3,TaiwanStockPrice,2338,402,,2026-07-31T21:59:30.301871
4,TaiwanStockPER,2480,402,,2026-08-01T08:21:12.203021
5,TaiwanStockPrice,3305,402,,2026-08-01T11:56:04.227322
5,TaiwanStockPER,3305,402,,2026-08-01T12:28:05.937646
7,TaiwanStockPER,6120,402,,2026-08-01T13:47:21.626230
8,TaiwanStockPrice,6671,402,,2026-08-01T15:12:16.333531
8,TaiwanStockPrice,6671,402,,2026-08-01T16:17:16.825251
8,TaiwanStockPrice,6671,-1,unknown,2026-08-01T17:22:21.388903
8,TaiwanStockPER,6671,-1,unknown,2026-08-01T17:22:26.302649
8,TaiwanStockInstitutionalInvestorsBuySell,6672,-1,unknown,2026-08-01T17:22:31.209372
8,TaiwanStockPrice,6672,-1,unknown,2026-08-01T17:22:36.122071
8,TaiwanStockPER,6672,-1,unknown,2026-08-01T17:22:41.032306
8,TaiwanStockInstitutionalInvestorsBuySell,6674,-1,unknown,2026-08-01T17:22:45.944363
8,TaiwanStockPrice,6674,-1,unknown,2026-08-01T17:22:50.858783
8,TaiwanStockPER,6674,-1,unknown,2026-08-01T17:22:55.785876
8,TaiwanStockInstitutionalInvestorsBuySell,6689,-1,unknown,2026-08-01T17:23:01.143225
8,TaiwanStockPrice,6689,-1,unknown,2026-08-01T17:23:06.051406
8,TaiwanStockPER,6689,-1,unknown,2026-08-01T17:23:10.967181
8,TaiwanStockInstitutionalInvestorsBuySell,6691,-1,unknown,2026-08-01T17:23:15.909755
8,TaiwanStockPrice,6691,-1,unknown,2026-08-01T17:23:20.821280
8,TaiwanStockPER,6691,-1,unknown,2026-08-01T17:23:25.730603
8,TaiwanStockInstitutionalInvestorsBuySell,6695,-1,unknown,2026-08-01T17:23:30.637911
8,TaiwanStockPrice,6695,-1,unknown,2026-08-01T17:23:35.552769
8,TaiwanStockPER,6695,-1,unknown,2026-08-01T17:23:40.458596
8,TaiwanStockInstitutionalInvestorsBuySell,6698,-1,unknown,2026-08-01T17:23:45.366442
8,TaiwanStockPrice,6698,-1,unknown,2026-08-01T17:23:50.279954
8,TaiwanStockPER,6698,-1,unknown,2026-08-01T17:23:55.187163
8,TaiwanStockInstitutionalInvestorsBuySell,6706,-1,unknown,2026-08-01T17:24:00.095216
8,TaiwanStockPrice,6706,-1,unknown,2026-08-01T17:24:05.010929
8,TaiwanStockPER,6706,-1,unknown,2026-08-01T17:24:09.917952
8,TaiwanStockInstitutionalInvestorsBuySell,6715,-1,unknown,2026-08-01T17:24:14.825923
8,TaiwanStockPrice,6715,-1,unknown,2026-08-01T17:24:19.742453
8,TaiwanStockPER,6715,-1,unknown,2026-08-01T17:24:24.652159
8,TaiwanStockInstitutionalInvestorsBuySell,6719,-1,unknown,2026-08-01T17:24:29.560434
8,TaiwanStockPrice,6719,-1,unknown,2026-08-01T17:24:34.468811
8,TaiwanStockPER,6719,-1,unknown,2026-08-01T17:24:39.383995
8,TaiwanStockInstitutionalInvestorsBuySell,6722,-1,unknown,2026-08-01T17:24:44.296651
8,TaiwanStockPrice,6722,-1,unknown,2026-08-01T17:24:49.204201
8,TaiwanStockPER,6722,-1,unknown,2026-08-01T17:24:54.122733
8,TaiwanStockInstitutionalInvestorsBuySell,6742,-1,unknown,2026-08-01T17:24:59.036992
8,TaiwanStockPrice,6742,-1,unknown,2026-08-01T17:25:03.955289
8,TaiwanStockPER,6742,-1,unknown,2026-08-01T17:25:08.873753
8,TaiwanStockInstitutionalInvestorsBuySell,6743,-1,unknown,2026-08-01T17:25:13.788841
8,TaiwanStockPrice,6743,-1,unknown,2026-08-01T17:25:18.703237
8,TaiwanStockPER,6743,-1,unknown,2026-08-01T17:25:23.623570
8,TaiwanStockInstitutionalInvestorsBuySell,6753,-1,unknown,2026-08-01T17:25:28.535480
8,TaiwanStockPrice,6753,-1,unknown,2026-08-01T17:25:33.442533
8,TaiwanStockPER,6753,-1,unknown,2026-08-01T17:25:38.353736
8,TaiwanStockInstitutionalInvestorsBuySell,6754,-1,unknown,2026-08-01T17:25:43.265083
8,TaiwanStockPrice,6754,-1,unknown,2026-08-01T17:25:48.173821
8,TaiwanStockPER,6754,-1,unknown,2026-08-01T17:25:53.085509
8,TaiwanStockInstitutionalInvestorsBuySell,6756,-1,unknown,2026-08-01T17:25:57.992070
8,TaiwanStockPrice,6756,-1,unknown,2026-08-01T17:26:02.900224
8,TaiwanStockPER,6756,-1,unknown,2026-08-01T17:26:07.812188
8,TaiwanStockInstitutionalInvestorsBuySell,6757,-1,unknown,2026-08-01T17:26:12.720558
8,TaiwanStockPrice,6757,-1,unknown,2026-08-01T17:26:17.626825
8,TaiwanStockPER,6757,-1,unknown,2026-08-01T17:26:22.546717
8,TaiwanStockInstitutionalInvestorsBuySell,6768,-1,unknown,2026-08-01T17:26:27.457059
8,TaiwanStockPrice,6768,-1,unknown,2026-08-01T17:26:32.365249
8,TaiwanStockPER,6768,-1,unknown,2026-08-01T17:26:37.327789
8,TaiwanStockInstitutionalInvestorsBuySell,6770,-1,unknown,2026-08-01T17:26:42.241776
8,TaiwanStockPrice,6770,-1,unknown,2026-08-01T17:26:47.156937
8,TaiwanStockPER,6770,-1,unknown,2026-08-01T17:26:52.069661
8,TaiwanStockInstitutionalInvestorsBuySell,6771,-1,unknown,2026-08-01T17:26:56.992003
8,TaiwanStockPrice,6771,-1,unknown,2026-08-01T17:27:01.903838
8,TaiwanStockPER,6771,-1,unknown,2026-08-01T17:27:06.816689
8,TaiwanStockInstitutionalInvestorsBuySell,6776,-1,unknown,2026-08-01T17:27:11.736762
8,TaiwanStockPrice,6776,-1,unknown,2026-08-01T17:27:16.648256
8,TaiwanStockPER,6776,-1,unknown,2026-08-01T17:27:21.559285
8,TaiwanStockInstitutionalInvestorsBuySell,6781,-1,unknown,2026-08-01T17:27:26.475538
8,TaiwanStockPrice,6781,-1,unknown,2026-08-01T17:27:31.384338
8,TaiwanStockPER,6781,-1,unknown,2026-08-01T17:27:36.293964
8,TaiwanStockInstitutionalInvestorsBuySell,6782,-1,unknown,2026-08-01T17:27:41.208205
8,TaiwanStockPrice,6782,-1,unknown,2026-08-01T17:27:46.121542
8,TaiwanStockPER,6782,-1,unknown,2026-08-01T17:27:51.033854
8,TaiwanStockInstitutionalInvestorsBuySell,6789,-1,unknown,2026-08-01T17:27:55.952745
8,TaiwanStockPrice,6789,-1,unknown,2026-08-01T17:28:00.860325
8,TaiwanStockPER,6789,-1,unknown,2026-08-01T17:28:05.770329
8,TaiwanStockInstitutionalInvestorsBuySell,6790,-1,unknown,2026-08-01T17:28:10.683910
8,TaiwanStockPrice,6790,-1,unknown,2026-08-01T17:28:15.592729
8,TaiwanStockPER,6790,-1,unknown,2026-08-01T17:28:20.507893
8,TaiwanStockInstitutionalInvestorsBuySell,6792,-1,unknown,2026-08-01T17:28:25.423827
8,TaiwanStockPrice,6792,-1,unknown,2026-08-01T17:28:30.342075
8,TaiwanStockPER,6792,-1,unknown,2026-08-01T17:28:35.250320
8,TaiwanStockInstitutionalInvestorsBuySell,6794,-1,unknown,2026-08-01T17:28:40.159358
8,TaiwanStockPrice,6794,-1,unknown,2026-08-01T17:28:45.077525
8,TaiwanStockPER,6794,-1,unknown,2026-08-01T17:28:49.989875
8,TaiwanStockInstitutionalInvestorsBuySell,6796,-1,unknown,2026-08-01T17:28:54.904074
8,TaiwanStockPrice,6796,-1,unknown,2026-08-01T17:28:59.820682
8,TaiwanStockPER,6796,-1,unknown,2026-08-01T17:29:04.729045
8,TaiwanStockInstitutionalInvestorsBuySell,6799,-1,unknown,2026-08-01T17:29:09.635983
8,TaiwanStockPrice,6799,-1,unknown,2026-08-01T17:29:14.548618
8,TaiwanStockPER,6799,-1,unknown,2026-08-01T17:29:19.456108
8,TaiwanStockInstitutionalInvestorsBuySell,6805,-1,unknown,2026-08-01T17:29:24.364000
8,TaiwanStockPrice,6805,-1,unknown,2026-08-01T17:29:29.272044
8,TaiwanStockPER,6805,-1,unknown,2026-08-01T17:29:34.178185
8,TaiwanStockInstitutionalInvestorsBuySell,6807,-1,unknown,2026-08-01T17:29:39.088168
8,TaiwanStockPrice,6807,-1,unknown,2026-08-01T17:29:44.009417
8,TaiwanStockPER,6807,-1,unknown,2026-08-01T17:29:48.925466
8,TaiwanStockInstitutionalInvestorsBuySell,6830,-1,unknown,2026-08-01T17:29:53.837446
8,TaiwanStockPrice,6830,-1,unknown,2026-08-01T17:29:58.754145
8,TaiwanStockPER,6830,-1,unknown,2026-08-01T17:30:03.664047
8,TaiwanStockInstitutionalInvestorsBuySell,6831,-1,unknown,2026-08-01T17:30:08.575648
8,TaiwanStockPrice,6831,-1,unknown,2026-08-01T17:30:13.485551
8,TaiwanStockPER,6831,-1,unknown,2026-08-01T17:30:18.396486
8,TaiwanStockInstitutionalInvestorsBuySell,6834,-1,unknown,2026-08-01T17:30:23.308502
8,TaiwanStockPrice,6834,-1,unknown,2026-08-01T17:30:28.216026
8,TaiwanStockPER,6834,-1,unknown,2026-08-01T17:30:33.130040
8,TaiwanStockInstitutionalInvestorsBuySell,6835,-1,unknown,2026-08-01T17:30:38.045386
8,TaiwanStockPrice,6835,-1,unknown,2026-08-01T17:30:42.957788
8,TaiwanStockPER,6835,-1,unknown,2026-08-01T17:30:47.874619
8,TaiwanStockInstitutionalInvestorsBuySell,6838,-1,unknown,2026-08-01T17:30:52.785352
8,TaiwanStockPrice,6838,-1,unknown,2026-08-01T17:30:57.695815
8,TaiwanStockPER,6838,-1,unknown,2026-08-01T17:31:02.611328
8,TaiwanStockInstitutionalInvestorsBuySell,6854,-1,unknown,2026-08-01T17:31:07.518390
8,TaiwanStockPrice,6854,-1,unknown,2026-08-01T17:31:12.428605
8,TaiwanStockPER,6854,-1,unknown,2026-08-01T17:31:17.339345
8,TaiwanStockInstitutionalInvestorsBuySell,6861,-1,unknown,2026-08-01T17:31:22.247573
8,TaiwanStockPrice,6861,-1,unknown,2026-08-01T17:31:27.156361
8,TaiwanStockPER,6861,-1,unknown,2026-08-01T17:31:32.067464
8,TaiwanStockInstitutionalInvestorsBuySell,6862,-1,unknown,2026-08-01T17:31:36.976623
8,TaiwanStockPrice,6862,-1,unknown,2026-08-01T17:31:41.886451
8,TaiwanStockPER,6862,-1,unknown,2026-08-01T17:31:46.795892
8,TaiwanStockInstitutionalInvestorsBuySell,6863,-1,unknown,2026-08-01T17:31:51.707413
8,TaiwanStockPrice,6863,-1,unknown,2026-08-01T17:31:56.622186
8,TaiwanStockPER,6863,-1,unknown,2026-08-01T17:32:01.535223
8,TaiwanStockInstitutionalInvestorsBuySell,6869,-1,unknown,2026-08-01T17:32:06.447144
8,TaiwanStockPrice,6869,-1,unknown,2026-08-01T17:32:11.360915
8,TaiwanStockPER,6869,-1,unknown,2026-08-01T17:32:16.274715
8,TaiwanStockInstitutionalInvestorsBuySell,6873,-1,unknown,2026-08-01T17:32:21.194834
8,TaiwanStockPrice,6873,-1,unknown,2026-08-01T17:32:26.108311
8,TaiwanStockPER,6873,-1,unknown,2026-08-01T17:32:31.024256
8,TaiwanStockInstitutionalInvestorsBuySell,6885,-1,unknown,2026-08-01T17:32:35.941136
8,TaiwanStockPrice,6885,-1,unknown,2026-08-01T17:32:40.857975
8,TaiwanStockPER,6885,-1,unknown,2026-08-01T17:32:45.772541
8,TaiwanStockInstitutionalInvestorsBuySell,6887,-1,unknown,2026-08-01T17:32:50.704960
8,TaiwanStockPrice,6887,-1,unknown,2026-08-01T17:32:55.621648
8,TaiwanStockPER,6887,-1,unknown,2026-08-01T17:33:00.532476
8,TaiwanStockInstitutionalInvestorsBuySell,6890,-1,unknown,2026-08-01T17:33:05.451282
8,TaiwanStockPrice,6890,-1,unknown,2026-08-01T17:33:10.363839
8,TaiwanStockPER,6890,-1,unknown,2026-08-01T17:33:15.272404
8,TaiwanStockInstitutionalInvestorsBuySell,6901,-1,unknown,2026-08-01T17:33:20.189516
8,TaiwanStockPrice,6901,-1,unknown,2026-08-01T17:33:25.099776
8,TaiwanStockPER,6901,-1,unknown,2026-08-01T17:33:30.009801
8,TaiwanStockInstitutionalInvestorsBuySell,6902,-1,unknown,2026-08-01T17:33:34.920229
8,TaiwanStockPrice,6902,-1,unknown,2026-08-01T17:33:39.826896
8,TaiwanStockPER,6902,-1,unknown,2026-08-01T17:33:44.735848
8,TaiwanStockInstitutionalInvestorsBuySell,6906,-1,unknown,2026-08-01T17:33:49.649345
8,TaiwanStockPrice,6906,-1,unknown,2026-08-01T17:33:54.558779
8,TaiwanStockPER,6906,-1,unknown,2026-08-01T17:33:59.477024
8,TaiwanStockInstitutionalInvestorsBuySell,6908,-1,unknown,2026-08-01T17:34:04.390801
8,TaiwanStockPrice,6908,-1,unknown,2026-08-01T17:34:09.308200
8,TaiwanStockPER,6908,-1,unknown,2026-08-01T17:34:14.222229
8,TaiwanStockInstitutionalInvestorsBuySell,6909,-1,unknown,2026-08-01T17:34:19.137135
8,TaiwanStockPrice,6909,-1,unknown,2026-08-01T17:34:24.054745
8,TaiwanStockPER,6909,-1,unknown,2026-08-01T17:34:28.964274
8,TaiwanStockInstitutionalInvestorsBuySell,6914,-1,unknown,2026-08-01T17:34:33.872435
8,TaiwanStockPrice,6914,-1,unknown,2026-08-01T17:34:38.785643
8,TaiwanStockPER,6914,-1,unknown,2026-08-01T17:34:43.695812
8,TaiwanStockInstitutionalInvestorsBuySell,6916,-1,unknown,2026-08-01T17:34:48.610672
8,TaiwanStockPrice,6916,-1,unknown,2026-08-01T17:34:53.528282
8,TaiwanStockPER,6916,-1,unknown,2026-08-01T17:34:58.445052
8,TaiwanStockInstitutionalInvestorsBuySell,6918,-1,unknown,2026-08-01T17:35:03.358082
8,TaiwanStockPrice,6918,-1,unknown,2026-08-01T17:35:08.271435
8,TaiwanStockPER,6918,-1,unknown,2026-08-01T17:35:13.185363
8,TaiwanStockInstitutionalInvestorsBuySell,6919,-1,unknown,2026-08-01T17:35:18.096694
8,TaiwanStockPrice,6919,-1,unknown,2026-08-01T17:35:23.014916
8,TaiwanStockPER,6919,-1,unknown,2026-08-01T17:35:27.925685
8,TaiwanStockInstitutionalInvestorsBuySell,6921,-1,unknown,2026-08-01T17:35:32.834718
8,TaiwanStockPrice,6921,-1,unknown,2026-08-01T17:35:37.743880
8,TaiwanStockPER,6921,-1,unknown,2026-08-01T17:35:42.652657
8,TaiwanStockInstitutionalInvestorsBuySell,6923,-1,unknown,2026-08-01T17:35:47.563917
8,TaiwanStockPrice,6923,-1,unknown,2026-08-01T17:35:52.474221
8,TaiwanStockPER,6923,-1,unknown,2026-08-01T17:35:57.394616
8,TaiwanStockInstitutionalInvestorsBuySell,6924,-1,unknown,2026-08-01T17:36:02.307919
8,TaiwanStockPrice,6924,-1,unknown,2026-08-01T17:36:07.217422
8,TaiwanStockPER,6924,-1,unknown,2026-08-01T17:36:12.130981
8,TaiwanStockInstitutionalInvestorsBuySell,6928,-1,unknown,2026-08-01T17:36:17.046313
8,TaiwanStockPrice,6928,-1,unknown,2026-08-01T17:36:21.959407
8,TaiwanStockPER,6928,-1,unknown,2026-08-01T17:36:26.874481
8,TaiwanStockInstitutionalInvestorsBuySell,6931,-1,unknown,2026-08-01T17:36:31.785686
8,TaiwanStockPrice,6931,-1,unknown,2026-08-01T17:36:36.696855
8,TaiwanStockPER,6931,-1,unknown,2026-08-01T17:36:41.618330
8,TaiwanStockInstitutionalInvestorsBuySell,6933,-1,unknown,2026-08-01T17:36:46.525512
8,TaiwanStockPrice,6933,-1,unknown,2026-08-01T17:36:51.437560
8,TaiwanStockPER,6933,-1,unknown,2026-08-01T17:36:56.353091
8,TaiwanStockInstitutionalInvestorsBuySell,6934,-1,unknown,2026-08-01T17:37:01.261635
8,TaiwanStockPrice,6934,-1,unknown,2026-08-01T17:37:06.172240
8,TaiwanStockPER,6934,-1,unknown,2026-08-01T17:37:11.089700
8,TaiwanStockInstitutionalInvestorsBuySell,6936,-1,unknown,2026-08-01T17:37:16.003458
8,TaiwanStockPrice,6936,-1,unknown,2026-08-01T17:37:20.920703
8,TaiwanStockPER,6936,-1,unknown,2026-08-01T17:37:25.833553
8,TaiwanStockInstitutionalInvestorsBuySell,6937,-1,unknown,2026-08-01T17:37:30.741874
8,TaiwanStockPrice,6937,-1,unknown,2026-08-01T17:37:35.648870
8,TaiwanStockPER,6937,-1,unknown,2026-08-01T17:37:40.558289
8,TaiwanStockInstitutionalInvestorsBuySell,6944,-1,unknown,2026-08-01T17:37:45.476447
8,TaiwanStockPrice,6944,-1,unknown,2026-08-01T17:37:50.387598
8,TaiwanStockPER,6944,-1,unknown,2026-08-01T17:37:55.303225
8,TaiwanStockInstitutionalInvestorsBuySell,6949,-1,unknown,2026-08-01T17:38:00.219144
8,TaiwanStockPrice,6949,-1,unknown,2026-08-01T17:38:05.126269
8,TaiwanStockPER,6949,-1,unknown,2026-08-01T17:38:10.037126
8,TaiwanStockInstitutionalInvestorsBuySell,6951,-1,unknown,2026-08-01T17:38:14.951889
8,TaiwanStockPrice,6951,-1,unknown,2026-08-01T17:38:19.861720
8,TaiwanStockPER,6951,-1,unknown,2026-08-01T17:38:24.776273
8,TaiwanStockInstitutionalInvestorsBuySell,6952,-1,unknown,2026-08-01T17:38:29.685479
8,TaiwanStockPrice,6952,-1,unknown,2026-08-01T17:38:34.594807
8,TaiwanStockPER,6952,-1,unknown,2026-08-01T17:38:39.506636
8,TaiwanStockInstitutionalInvestorsBuySell,6955,-1,unknown,2026-08-01T17:38:44.426177
8,TaiwanStockPrice,6955,-1,unknown,2026-08-01T17:38:49.340432
8,TaiwanStockPER,6955,-1,unknown,2026-08-01T17:38:54.254097
8,TaiwanStockInstitutionalInvestorsBuySell,6957,-1,unknown,2026-08-01T17:38:59.172773
8,TaiwanStockPrice,6957,-1,unknown,2026-08-01T17:39:04.085515
8,TaiwanStockPER,6957,-1,unknown,2026-08-01T17:39:08.997240
8,TaiwanStockInstitutionalInvestorsBuySell,6958,-1,unknown,2026-08-01T17:39:13.933092
8,TaiwanStockPrice,6958,-1,unknown,2026-08-01T17:39:18.843272
8,TaiwanStockPER,6958,-1,unknown,2026-08-01T17:39:23.755534
8,TaiwanStockInstitutionalInvestorsBuySell,6962,-1,unknown,2026-08-01T17:39:28.665987
8,TaiwanStockPrice,6962,-1,unknown,2026-08-01T17:39:33.575641
8,TaiwanStockPER,6962,-1,unknown,2026-08-01T17:39:38.484661
8,TaiwanStockInstitutionalInvestorsBuySell,6965,-1,unknown,2026-08-01T17:39:43.397886
8,TaiwanStockPrice,6965,-1,unknown,2026-08-01T17:39:48.317379
8,TaiwanStockPER,6965,-1,unknown,2026-08-01T17:39:53.227969
8,TaiwanStockInstitutionalInvestorsBuySell,6969,-1,unknown,2026-08-01T17:39:58.145975
8,TaiwanStockPrice,6969,-1,unknown,2026-08-01T17:40:03.055426
8,TaiwanStockPER,6969,-1,unknown,2026-08-01T17:40:07.972087
8,TaiwanStockInstitutionalInvestorsBuySell,6988,-1,unknown,2026-08-01T17:40:12.889793
8,TaiwanStockPrice,6988,-1,unknown,2026-08-01T17:40:17.799002
8,TaiwanStockPER,6988,-1,unknown,2026-08-01T17:40:22.709996
8,TaiwanStockInstitutionalInvestorsBuySell,6994,-1,unknown,2026-08-01T17:40:27.622542
8,TaiwanStockPrice,6994,-1,unknown,2026-08-01T17:40:32.533499
8,TaiwanStockPER,6994,-1,unknown,2026-08-01T17:40:37.442239
8,TaiwanStockInstitutionalInvestorsBuySell,7610,-1,unknown,2026-08-01T17:40:42.357226
8,TaiwanStockPrice,7610,-1,unknown,2026-08-01T17:40:47.268365
8,TaiwanStockPER,7610,-1,unknown,2026-08-01T17:40:52.178595
8,TaiwanStockInstitutionalInvestorsBuySell,7631,-1,unknown,2026-08-01T17:40:57.090761
8,TaiwanStockPrice,7631,-1,unknown,2026-08-01T17:41:01.999124
8,TaiwanStockPER,7631,-1,unknown,2026-08-01T17:41:06.907841
8,TaiwanStockInstitutionalInvestorsBuySell,7705,-1,unknown,2026-08-01T17:41:11.824922
8,TaiwanStockPrice,7705,-1,unknown,2026-08-01T17:41:16.733442
8,TaiwanStockPER,7705,-1,unknown,2026-08-01T17:41:21.644287
8,TaiwanStockInstitutionalInvestorsBuySell,7711,-1,unknown,2026-08-01T17:41:26.558491
8,TaiwanStockPrice,7711,-1,unknown,2026-08-01T17:41:31.465334
8,TaiwanStockPER,7711,-1,unknown,2026-08-01T17:41:36.371797
8,TaiwanStockInstitutionalInvestorsBuySell,6854,402,,2026-08-01T20:01:40.989349
9,TaiwanStockInstitutionalInvestorsBuySell,8429,402,,2026-08-01T21:17:01.286748
9,TaiwanStockPER,9103,200,,2026-08-01T22:23:17.682613
9,TaiwanStockPER,910322,200,,2026-08-01T22:23:22.817476
9,TaiwanStockPER,9105,200,,2026-08-01T22:23:25.937431
9,TaiwanStockPER,910861,200,,2026-08-01T22:23:28.565637
9,TaiwanStockPER,9110,200,,2026-08-01T22:23:31.008691
9,TaiwanStockPER,911608,200,,2026-08-01T22:23:34.143311
9,TaiwanStockPER,911622,200,,2026-08-01T22:23:38.176437
9,TaiwanStockPER,911868,200,,2026-08-01T22:23:42.492098
9,TaiwanStockPER,912000,200,,2026-08-01T22:23:45.918163
9,TaiwanStockPER,9136,200,,2026-08-01T22:23:50.007582
9,TaiwanStockPER,9103,200,,2026-08-01T23:30:54.775509
9,TaiwanStockPER,910322,200,,2026-08-01T23:30:55.516814
9,TaiwanStockPER,9105,200,,2026-08-01T23:30:56.410253
9,TaiwanStockPER,910861,200,,2026-08-01T23:30:57.163653
9,TaiwanStockPER,9110,200,,2026-08-01T23:30:58.175428
9,TaiwanStockPER,911608,200,,2026-08-01T23:30:58.916016
9,TaiwanStockPER,911622,200,,2026-08-01T23:30:59.737544
9,TaiwanStockPER,911868,200,,2026-08-01T23:31:00.473339
9,TaiwanStockPER,912000,200,,2026-08-01T23:31:01.238298
9,TaiwanStockPER,9136,200,,2026-08-01T23:31:02.205025
9,TaiwanStockPER,9103,200,,2026-08-02T00:36:03.195430
9,TaiwanStockPER,910322,200,,2026-08-02T00:36:04.120660
9,TaiwanStockPER,9105,200,,2026-08-02T00:36:05.463890
9,TaiwanStockPER,910861,200,,2026-08-02T00:36:06.565315
9,TaiwanStockPER,9110,200,,2026-08-02T00:36:08.244169
9,TaiwanStockPER,911608,200,,2026-08-02T00:36:09.081487
9,TaiwanStockPER,911622,200,,2026-08-02T00:36:10.456671
9,TaiwanStockPER,911868,200,,2026-08-02T00:36:11.667114
9,TaiwanStockPER,912000,200,,2026-08-02T00:36:12.912585
9,TaiwanStockPER,9136,200,,2026-08-02T00:36:13.743472
9,TaiwanStockPER,9103,200,,2026-08-02T01:41:14.992417
9,TaiwanStockPER,910322,200,,2026-08-02T01:41:16.126803
9,TaiwanStockPER,9105,200,,2026-08-02T01:41:17.092745
9,TaiwanStockPER,910861,200,,2026-08-02T01:41:18.107080
9,TaiwanStockPER,9110,200,,2026-08-02T01:41:18.854997
9,TaiwanStockPER,911608,200,,2026-08-02T01:41:19.710154
9,TaiwanStockPER,911622,200,,2026-08-02T01:41:20.488875
9,TaiwanStockPER,911868,200,,2026-08-02T01:41:21.291889
9,TaiwanStockPER,912000,200,,2026-08-02T01:41:22.195414
9,TaiwanStockPER,9136,200,,2026-08-02T01:41:23.054359
9,TaiwanStockPER,9103,200,,2026-08-02T02:46:24.291242
9,TaiwanStockPER,910322,200,,2026-08-02T02:46:25.189099
9,TaiwanStockPER,9105,200,,2026-08-02T02:46:26.239080
9,TaiwanStockPER,910861,200,,2026-08-02T02:46:27.081629
9,TaiwanStockPER,9110,200,,2026-08-02T02:46:27.833819
9,TaiwanStockPER,911608,200,,2026-08-02T02:46:28.821181
9,TaiwanStockPER,911622,200,,2026-08-02T02:46:29.596140
9,TaiwanStockPER,911868,200,,2026-08-02T02:46:30.475031
9,TaiwanStockPER,912000,200,,2026-08-02T02:46:31.327778
9,TaiwanStockPER,9136,200,,2026-08-02T02:46:32.228647
10,TaiwanStockInstitutionalInvestorsBuySell,3162,402,,2026-08-02T06:04:01.253690
11,TaiwanStockInstitutionalInvestorsBuySell,3548,402,,2026-08-02T07:20:10.970388
12,TaiwanStockInstitutionalInvestorsBuySell,4513,402,,2026-08-02T08:00:00.927347
12,TaiwanStockInstitutionalInvestorsBuySell,4513,402,,2026-08-02T08:43:01.360229
12,TaiwanStockInstitutionalInvestorsBuySell,4513,402,,2026-08-02T08:43:21.814074
13,TaiwanStockPrice,5287,402,,2026-08-02T09:42:22.057344
13,TaiwanStockPrice,5287,402,,2026-08-02T09:54:22.465070
13,TaiwanStockPrice,5287,402,,2026-08-02T10:06:22.966828
13,TaiwanStockPrice,5287,402,,2026-08-02T10:18:23.344775
13,TaiwanStockPER,5309,402,,2026-08-02T10:30:42.394645
