feature,horizon,n_days,mean_ic,median_ic,icir,pos_ic_ratio,t_raw,t_nw,ci95_low,ci95_high
F_INST_01_foreign_rank,1,489,0.010575430983119383,-0.001200768526461216,0.05737309429874216,0.49693251533742333,1.2687109928043676,1.2396508007409253,-0.006145281587328031,0.0272961435535668
F_INST_01_foreign_rank,2,488,0.02313995182634588,0.033884452538462825,0.12880847855453856,0.5676229508196722,2.845472295419003,2.6560315953818288,0.006063985690062841,0.04021591796262892
F_INST_01_foreign_rank,3,487,0.014606696126552597,0.008883553421368545,0.08234165710712843,0.5112936344969199,1.817121987412247,1.6508616377973855,-0.002735232326179924,0.031948624579285115
F_INST_01_foreign_rank,5,485,0.029325895592597604,0.032512126164467796,0.15647508911083902,0.5587628865979382,3.4460063774518512,2.7449358142725737,0.008385968668760384,0.05026582251643483
F_INST_02_trust_rank,1,489,-0.0076763785566422915,-0.013493397358943579,-0.042232187354272345,0.4785276073619632,-0.9338949032022771,-0.945185650780513,-0.02359462907027894,0.008241871956994357
F_INST_02_trust_rank,2,488,-0.010367261942879085,-0.006819467196102072,-0.05565452319093164,0.47950819672131145,-1.2294486017665216,-1.0929578925856887,-0.02895885961181665,0.008224335726058482
F_INST_02_trust_rank,3,487,-0.010076545501114692,-0.02156062424969988,-0.05477590221935911,0.46611909650924027,-1.2087988000246828,-0.97160956759748,-0.030403670553023274,0.010250579550793887
F_INST_02_trust_rank,5,485,-0.005386157262613505,-0.007539015606242497,-0.030019644570846226,0.4865979381443299,-0.6611140931621179,-0.460071758933262,-0.028332291272664414,0.01755997674743741
F_INST_03_dealer_self_rank,1,489,0.012643345223981787,0.007732206355907014,0.07216709383533938,0.5194274028629857,1.595855799425598,1.7532156032733681,-0.0014912293216340737,0.026777919769597647
F_INST_03_dealer_self_rank,2,488,0.009735513477563986,0.0211795279823744,0.05523921776344482,0.5327868852459017,1.2202742050085431,1.1282424764824242,-0.007177168692954053,0.026648195648082025
F_INST_03_dealer_self_rank,3,487,0.006278295887813967,0.015222454325019735,0.03567409394020991,0.5462012320328542,0.7872586338094658,0.7133348722875168,-0.010972311671373934,0.02352890344700187
F_INST_03_dealer_self_rank,5,485,0.021313643329331382,0.027613033359702093,0.11434358366631109,0.5422680412371134,2.5181562175414216,2.355269214955642,0.003576927432810708,0.03905035922585205
F_INST_04_dealer_hedge_rank,1,489,0.012750821239024168,0.008787515006002401,0.06987166788975493,0.5255623721881391,1.5450962549748957,1.5241887571826676,-0.0036458419109404207,0.029147484388988756
F_INST_04_dealer_hedge_rank,2,488,0.011169713488026806,0.012341232686214738,0.06382530825013985,0.5389344262295082,1.4099471433121105,1.333728747255574,-0.005244897415113149,0.02758432439116676
F_INST_04_dealer_hedge_rank,3,487,0.011489426015654124,0.009651860744297719,0.06856377220209947,0.5174537987679672,1.5130705694478153,1.4835363042923018,-0.0036900306147817294,0.026668882646089978
F_INST_04_dealer_hedge_rank,5,485,0.00643309374129856,0.00926859726697531,0.03649803816636358,0.5175257731958763,0.8037859125082787,0.7548983005769465,-0.010269637902564717,0.02313582538516184
F_INST_05_aggregate_rank,1,489,0.00013293915002722396,0.0007203573005421225,0.0007055746801906376,0.5010224948875256,0.015602615894152905,0.01535870951757371,-0.016832075635571833,0.017097953935626284
F_INST_05_aggregate_rank,2,488,0.008399461516417689,0.0009124629796690824,0.045620353366548336,0.5040983606557377,1.0077865453303612,0.9370409358159645,-0.009169615716950913,0.025968538749786288
F_INST_05_aggregate_rank,3,487,3.0764625399283615e-05,-0.0033133253301320525,0.00016552237749480354,0.48459958932238195,0.0036527604874801475,0.003347516393243529,-0.017982191458788953,0.01804372070958752
F_INST_05_aggregate_rank,5,485,0.014527337547977278,-0.00014405762304921967,0.07506428555655272,0.49896907216494846,1.6531194084415406,1.3837705985180377,-0.006049470215194969,0.035104145311149526
F_INST_06_value_proxy_rank,1,489,0.0019701912013713224,-0.000960407212934999,0.01005219648011847,0.4948875255623722,0.2222876826156347,0.2183392615918428,-0.01571593050910011,0.019656312911842753
F_INST_06_value_proxy_rank,2,488,0.007317238810351672,0.0011529256213193362,0.03878434301177678,0.5102459016393442,0.8567741407589968,0.843169537961454,-0.009692137622961696,0.02432661524366504
F_INST_06_value_proxy_rank,3,487,0.007052969686988615,0.00931594996546949,0.036560732383182554,0.5174537987679672,0.8068250387885938,0.7662316094784718,-0.010988338470353964,0.025094277844331193
F_INST_06_value_proxy_rank,5,485,0.01562787870044865,0.00773109243697479,0.08072578014324898,0.5154639175257731,1.7778008932869969,1.4283871005900954,-0.005816337814965985,0.037072095215863285
F_INST_09_change_rate_rank,1,480,-0.009737666211981078,-0.016806923881237217,-0.054500049879462026,0.46875,-1.1940362681655226,-1.1690166405963367,-0.026064059791585627,0.006588727367623472
F_INST_09_change_rate_rank,2,479,-0.003578958850383861,-0.01310924369747899,-0.0200091126644906,0.47390396659707723,-0.43792081296521324,-0.41846930429899953,-0.020341859437568312,0.01318394173680059
F_INST_09_change_rate_rank,3,478,-0.008356094823961959,-0.012749864120806491,-0.044846449198424086,0.4665271966527197,-0.9804873863175733,-0.9305827553250904,-0.025955761012966243,0.009243571365042325
F_INST_09_change_rate_rank,5,476,0.0006982612514522931,0.003745534517635529,0.0036600887427032805,0.5105042016806722,0.07985370881633815,0.07343663167931033,-0.01793810620645325,0.019334628709357832
F_INST_07_flow_to_volume,1,489,0.002981974656245542,0.0059065043595502445,0.015466278288038798,0.5030674846625767,0.3420111381762537,0.329747506130579,-0.014742709283977466,0.02070665859646855
F_INST_07_flow_to_volume,2,488,0.009197460470276028,0.011406453176148927,0.04806241495389654,0.5245901639344263,1.0617334490472938,0.988219276299204,-0.00904446513681257,0.027439386077364625
F_INST_07_flow_to_volume,3,487,0.006049542679030791,-0.001680672268907563,0.03165114536389773,0.49691991786447637,0.6984798969092001,0.6115598125727579,-0.013338754928392028,0.02543784028645361
F_INST_07_flow_to_volume,5,485,0.022180014458345266,0.021945304815564726,0.11197856085885574,0.5381443298969072,2.466071992994106,1.9832348152912853,0.0002598525071888687,0.04410017640950166
F_INST_08_streak,1,489,0.0026054041500904643,-0.008441497866549014,0.013513475092067424,0.4867075664621677,0.29882812858273583,0.3099051073973617,-0.013872517679153913,0.01908332597933484
F_INST_08_streak,2,488,0.007232062518839817,0.008102169109058244,0.03740858476123368,0.514344262295082,0.8263826476597519,0.7163277733175712,-0.01255614487018442,0.02702026990786405
F_INST_08_streak,3,487,0.01070494657346951,0.01574195212251562,0.05685512793421594,0.5318275154004107,1.2546833121416026,0.974988171711058,-0.010815001968242905,0.03222489511518192
F_INST_08_streak,5,485,0.023654959392917493,0.013194387112845913,0.12341768656736755,0.5175257731958763,2.7179926045623954,1.7658052007043952,-0.002601459147260888,0.04991137793309587
F_INT_01_flow_x_momentum,1,469,0.01873121011122986,0.01782068874640468,0.08311207114486363,0.5330490405117271,1.7999089081186255,1.8297707051941479,-0.0013331464301626177,0.038795566652622335
F_INT_01_flow_x_momentum,2,468,0.029297460294010095,0.032427305733792225,0.12941517503967628,0.5641025641025641,2.7996782965722016,2.3219471175614603,0.004566913356935057,0.05402800723108513
F_INT_01_flow_x_momentum,3,467,0.026333482170005317,0.02588421735805118,0.11725500749818211,0.5546038543897216,2.5339021444892484,1.8031710191783223,-0.002290328053347744,0.05495729239335838
F_INT_01_flow_x_momentum,5,465,0.044432017927724506,0.054121545385016095,0.19439714596632668,0.6021505376344086,4.191952578134895,2.5729032507469767,0.010584357657927493,0.07827967819752152
F_INT_02_flow_x_size,1,489,0.009424693606800625,0.007302777819878333,0.04690501989367866,0.5173824130879345,1.0372268584112663,1.0931526649842884,-0.0074735860763895726,0.026322973289990823
F_INT_02_flow_x_size,2,488,0.02078056506269433,0.03120236534282829,0.10277830338581585,0.5512295081967213,2.270446931260672,2.0307880986085434,0.0007243575485828234,0.04083677257680583
F_INT_02_flow_x_size,3,487,0.01585248776407369,0.026219746476640222,0.08173593991460452,0.5318275154004107,1.8037549740758891,1.3781063342655553,-0.006693577982110746,0.03839855351025813
F_INT_02_flow_x_size,5,485,0.022959932018742035,0.034383403804531865,0.11731225484400931,0.5505154639175258,2.5835344184361295,1.6756358054789762,-0.0038964210202590797,0.049816285057743145
F_INT_03_flow_x_liquidity,1,480,0.018733786952557892,0.03152369573367092,0.07447852126497698,0.5291666666666667,1.6317426458582436,1.6566891654904956,-0.0034298290062283847,0.040897402911344166
F_INT_03_flow_x_liquidity,2,479,0.040684473351728465,0.03832392854222926,0.15966293050768854,0.5615866388308977,3.4943938544770723,2.9072784196517087,0.013256220443312212,0.06811272626014472
F_INT_03_flow_x_liquidity,3,478,0.04228310728941326,0.03933151777805545,0.16982709392244583,0.5732217573221757,3.712965606467217,2.6243941003549907,0.010704431557731098,0.07386178302109542
F_INT_03_flow_x_liquidity,5,476,0.06108300096351802,0.06966806278363606,0.24956264808089287,0.5819327731092437,5.444814164961211,3.1811816881055783,0.023448343900031893,0.09871765802700415
