stock_id,market,status,listing_date_source,listing_date_raw,delisting_date
1101,TWSE,active,registry,19620209,
1102,TWSE,active,registry,19620608,
1103,TWSE,active,registry,19691114,
1104,TWSE,active,registry,19710201,
1108,TWSE,active,registry,19900606,
1109,TWSE,active,registry,19911205,
1110,TWSE,active,registry,19941022,
1201,TWSE,active,registry,19620209,
1203,TWSE,active,registry,19640824,
1210,TWSE,active,registry,19780520,
1213,TWSE,active,registry,19810410,
1215,TWSE,active,registry,19870727,
1216,TWSE,active,registry,19871228,
1217,TWSE,active,registry,19891028,
1218,TWSE,active,registry,19891111,
1219,TWSE,active,registry,19901201,
1220,TWSE,active,registry,19911120,
1225,TWSE,active,registry,19930927,
1227,TWSE,active,registry,19940409,
1229,TWSE,active,registry,19760719,
1231,TWSE,active,registry,19951102,
1232,TWSE,active,registry,19960209,
1233,TWSE,active,registry,19990120,
1234,TWSE,active,registry,19990312,
1235,TWSE,active,registry,20000911,
1236,TWSE,active,registry,20010917,
1256,TWSE,active,registry,20160317,
1301,TWSE,active,registry,19640727,
1303,TWSE,active,registry,19671115,
1304,TWSE,active,registry,19720520,
1305,TWSE,active,registry,19730305,
1307,TWSE,active,registry,19851123,
1308,TWSE,active,registry,19860620,
1309,TWSE,active,registry,19860627,
1310,TWSE,active,registry,19870806,
1312,TWSE,active,registry,19881221,
1313,TWSE,active,registry,19890327,
1314,TWSE,active,registry,19910712,
1315,TWSE,active,registry,19920509,
1316,TWSE,active,registry,19921015,
1319,TWSE,active,registry,19941212,
1321,TWSE,active,registry,19990126,
1323,TWSE,active,registry,20000911,
1324,TWSE,active,registry,20000911,
1325,TWSE,active,registry,20000911,
1326,TWSE,active,registry,19841220,
1337,TWSE,active,registry,20110817,
1338,TWSE,active,registry,20121219,
1339,TWSE,active,registry,20120424,
1340,TWSE,active,registry,20140114,
1341,TWSE,active,registry,20181224,
1342,TWSE,active,registry,20201124,
1402,TWSE,active,registry,19670414,
1409,TWSE,active,registry,19730831,
1410,TWSE,active,registry,19731018,
1413,TWSE,active,registry,19751223,
1414,TWSE,active,registry,19760202,
1416,TWSE,active,registry,19760420,
1417,TWSE,active,registry,19761228,
1418,TWSE,active,registry,19770214,
1419,TWSE,active,registry,19770314,
1423,TWSE,active,registry,19790402,
1432,TWSE,active,registry,19820726,
1434,TWSE,active,registry,19851224,
1435,TWSE,active,registry,19871228,
1436,TWSE,active,registry,19880411,
1437,TWSE,active,registry,19881110,
1438,TWSE,active,registry,19881215,
1439,TWSE,active,registry,19890522,
1440,TWSE,active,registry,19891003,
1441,TWSE,active,registry,19891027,
1442,TWSE,active,registry,19891116,
1443,TWSE,active,registry,19900421,
1444,TWSE,active,registry,19900808,
1445,TWSE,active,registry,19910205,
1446,TWSE,active,registry,19911015,
1447,TWSE,active,registry,19920128,
1449,TWSE,active,registry,19920506,
1451,TWSE,active,registry,19921221,
1452,TWSE,active,registry,19921228,
1453,TWSE,active,registry,19930419,
1454,TWSE,active,registry,19930507,
1455,TWSE,active,registry,19931007,
1456,TWSE,active,registry,19931209,
1457,TWSE,active,registry,19941020,
1459,TWSE,active,registry,19941026,
1460,TWSE,active,registry,19950428,
1463,TWSE,active,registry,19961205,
1464,TWSE,active,registry,19970118,
1465,TWSE,active,registry,19970908,
1466,TWSE,active,registry,19980404,
1467,TWSE,active,registry,19981221,
1468,TWSE,active,registry,19990121,
1470,TWSE,active,registry,19990521,
1471,TWSE,active,registry,20000306,
1472,TWSE,active,registry,20000911,
1473,TWSE,active,registry,20000911,
1474,TWSE,active,registry,20001031,
1475,TWSE,active,registry,20001027,
1476,TWSE,active,registry,20010418,
1477,TWSE,active,registry,20030121,
1503,TWSE,active,registry,19691215,
1504,TWSE,active,registry,19731105,
1506,TWSE,active,registry,19800811,
1512,TWSE,active,registry,19940128,
1513,TWSE,active,registry,19940308,
1514,TWSE,active,registry,19940326,
1515,TWSE,active,registry,19950204,
1516,TWSE,active,registry,19950401,
1517,TWSE,active,registry,19951114,
1519,TWSE,active,registry,19970416,
1521,TWSE,active,registry,19971006,
1522,TWSE,active,registry,19971006,
1524,TWSE,active,registry,19981030,
1525,TWSE,active,registry,19990515,
1526,TWSE,active,registry,20000327,
1527,TWSE,active,registry,20000621,
1528,TWSE,active,registry,20000911,
1529,TWSE,active,registry,20000911,
1530,TWSE,active,registry,20000911,
1531,TWSE,active,registry,20000911,
1532,TWSE,active,registry,20000911,
1533,TWSE,active,registry,20010406,
1535,TWSE,active,registry,20010917,
1536,TWSE,active,registry,20010917,
1537,TWSE,active,registry,20020122,
1538,TWSE,active,registry,20020826,
1539,TWSE,active,registry,20021029,
1540,TWSE,active,registry,20020826,
1541,TWSE,active,registry,20030319,
1558,TWSE,active,registry,20141223,
1560,TWSE,active,registry,20050131,
1563,TWSE,active,registry,20240513,
1568,TWSE,active,registry,20140514,
1582,TWSE,active,registry,20091217,
1583,TWSE,active,registry,20080124,
1587,TWSE,active,registry,20180416,
1589,TWSE,active,registry,20120427,
1590,TWSE,active,registry,20101213,
1597,TWSE,active,registry,20201223,
1598,TWSE,active,registry,20160920,
1603,TWSE,active,registry,19680603,
1604,TWSE,active,registry,19701214,
1605,TWSE,active,registry,19721103,
1608,TWSE,active,registry,19880711,
1609,TWSE,active,registry,19881212,
1611,TWSE,active,registry,19900116,
1612,TWSE,active,registry,19930508,
1614,TWSE,active,registry,19970918,
1615,TWSE,active,registry,20000330,
1616,TWSE,active,registry,20000911,
1617,TWSE,active,registry,20000911,
1618,TWSE,active,registry,20000911,
1623,TWSE,active,registry,20260122,
1626,TWSE,active,registry,20130321,
1702,TWSE,active,registry,19730530,
1707,TWSE,active,registry,19821220,
1708,TWSE,active,registry,19860616,
1709,TWSE,active,registry,19860703,
1710,TWSE,active,registry,19871021,
1711,TWSE,active,registry,19881227,
1712,TWSE,active,registry,19891214,
1713,TWSE,active,registry,19900131,
1714,TWSE,active,registry,19910830,
1717,TWSE,active,registry,19940331,
1718,TWSE,active,registry,19631202,
1720,TWSE,active,registry,19951212,
1721,TWSE,active,registry,19960516,
1722,TWSE,active,registry,19980324,
1723,TWSE,active,registry,19981127,
1725,TWSE,active,registry,20000911,
1726,TWSE,active,registry,20000911,
1727,TWSE,active,registry,20000911,
1730,TWSE,active,registry,20010917,
1731,TWSE,active,registry,20010917,
1732,TWSE,active,registry,20010917,
1733,TWSE,active,registry,20010917,
1734,TWSE,active,registry,20020826,
1735,TWSE,active,registry,20020826,
1736,TWSE,active,registry,20030109,
1737,TWSE,active,registry,20031118,
1752,TWSE,active,registry,20220119,
1760,TWSE,active,registry,20180123,
1762,TWSE,active,registry,20101220,
1773,TWSE,active,registry,20090227,
1776,TWSE,active,registry,20160509,
1783,TWSE,active,registry,20131220,
1786,TWSE,active,registry,20131112,
1789,TWSE,active,registry,20110929,
1795,TWSE,active,registry,20191216,
1802,TWSE,active,registry,19730720,
1805,TWSE,active,registry,19891020,
1806,TWSE,active,registry,19920929,
1808,TWSE,active,registry,19941026,
1809,TWSE,active,registry,19960430,
1810,TWSE,active,registry,19911014,
1817,TWSE,active,registry,20131024,
1903,TWSE,active,registry,19631209,
1904,TWSE,active,registry,19710910,
1905,TWSE,active,registry,19750207,
1906,TWSE,active,registry,19760426,
1907,TWSE,active,registry,19770222,
1909,TWSE,active,registry,19851119,
2002,TWSE,active,registry,19741226,
2006,TWSE,active,registry,19880713,
2007,TWSE,active,registry,19881004,
2008,TWSE,active,registry,19881228,
2009,TWSE,active,registry,19891020,
2010,TWSE,active,registry,19891222,
2012,TWSE,active,registry,19911017,
2013,TWSE,active,registry,19920121,
2014,TWSE,active,registry,19920220,
2015,TWSE,active,registry,19920525,
2017,TWSE,active,registry,19921102,
2020,TWSE,active,registry,19930427,
2022,TWSE,active,registry,19950327,
2023,TWSE,active,registry,19950728,
2024,TWSE,active,registry,19951230,
2025,TWSE,active,registry,19960208,
2027,TWSE,active,registry,19961024,
2028,TWSE,active,registry,19961213,
2029,TWSE,active,registry,19970111,
2030,TWSE,active,registry,19981224,
2031,TWSE,active,registry,20000911,
2032,TWSE,active,registry,20000911,
2033,TWSE,active,registry,20000911,
2034,TWSE,active,registry,20010917,
2038,TWSE,active,registry,20081230,
2049,TWSE,active,registry,20090626,
2059,TWSE,active,registry,20080625,
2062,TWSE,active,registry,20071116,
2069,TWSE,active,registry,20160322,
2072,TWSE,active,registry,20260326,
2101,TWSE,active,registry,19631101,
2102,TWSE,active,registry,19790716,
2103,TWSE,active,registry,19820925,
2104,TWSE,active,registry,19860715,
2105,TWSE,active,registry,19871207,
2106,TWSE,active,registry,19901220,
2107,TWSE,active,registry,19920303,
2108,TWSE,active,registry,19921027,
2109,TWSE,active,registry,20000508,
2114,TWSE,active,registry,20101229,
2115,TWSE,active,registry,20131225,
2201,TWSE,active,registry,19760708,
2204,TWSE,active,registry,19910312,
2206,TWSE,active,registry,19960729,
2207,TWSE,active,registry,19970225,
2208,TWSE,active,registry,20081222,
2211,TWSE,active,registry,20210412,
2227,TWSE,active,registry,20041221,
2228,TWSE,active,registry,20131125,
2231,TWSE,active,registry,20101119,
2233,TWSE,active,registry,20190917,
2236,TWSE,active,registry,20150603,
2239,TWSE,active,registry,20160127,
2241,TWSE,active,registry,20200826,
2243,TWSE,active,registry,20170927,
2247,TWSE,active,registry,20201012,
2248,TWSE,active,registry,20250313,
2250,TWSE,active,registry,20210531,
2254,TWSE,active,registry,20231020,
2258,TWSE,active,registry,20231120,
2301,TWSE,active,registry,19951117,
2302,TWSE,active,registry,19850115,
2303,TWSE,active,registry,19850716,
2305,TWSE,active,registry,19881021,
2308,TWSE,active,registry,19881219,
2312,TWSE,active,registry,19891107,
2313,TWSE,active,registry,19900724,
2314,TWSE,active,registry,19900808,
2316,TWSE,active,registry,19910205,
2317,TWSE,active,registry,19910618,
2321,TWSE,active,registry,19911108,
2323,TWSE,active,registry,19920217,
2324,TWSE,active,registry,19920218,
2327,TWSE,active,registry,19931022,
2328,TWSE,active,registry,19931109,
2329,TWSE,active,registry,19940420,
2330,TWSE,active,registry,19940905,
2331,TWSE,active,registry,19940921,
2332,TWSE,active,registry,19941017,
2337,TWSE,active,registry,19950315,
2338,TWSE,active,registry,19950417,
2340,TWSE,active,registry,19950502,
2342,TWSE,active,registry,19950919,
2344,TWSE,active,registry,19951018,
2345,TWSE,active,registry,19951115,
2347,TWSE,active,registry,19951213,
2348,TWSE,active,registry,19960105,
2349,TWSE,active,registry,19960423,
2351,TWSE,active,registry,19960425,
2352,TWSE,active,registry,19960722,
2353,TWSE,active,registry,19960918,
2354,TWSE,active,registry,19961008,
2355,TWSE,active,registry,19961014,
2356,TWSE,active,registry,19961113,
2357,TWSE,active,registry,19961114,
2359,TWSE,active,registry,19961219,
2360,TWSE,active,registry,19961221,
2362,TWSE,active,registry,19970402,
2363,TWSE,active,registry,19970801,
2364,TWSE,active,registry,19970811,
2365,TWSE,active,registry,19971103,
2367,TWSE,active,registry,19971213,
2368,TWSE,active,registry,19980309,
2369,TWSE,active,registry,19980410,
2371,TWSE,active,registry,19620209,
2373,TWSE,active,registry,19910801,
2374,TWSE,active,registry,19950116,
2375,TWSE,active,registry,19980829,
2376,TWSE,active,registry,19980924,
2377,TWSE,active,registry,19981031,
2379,TWSE,active,registry,19981026,
2380,TWSE,active,registry,19981203,
2382,TWSE,active,registry,19990108,
2383,TWSE,active,registry,19981127,
2385,TWSE,active,registry,19990105,
2387,TWSE,active,registry,19990125,
2388,TWSE,active,registry,19990305,
2390,TWSE,active,registry,19990615,
2392,TWSE,active,registry,19990920,
2393,TWSE,active,registry,19991104,
2395,TWSE,active,registry,19991213,
2397,TWSE,active,registry,20000115,
2399,TWSE,active,registry,19991216,
2401,TWSE,active,registry,20000127,
2402,TWSE,active,registry,20000114,
2404,TWSE,active,registry,20000314,
2405,TWSE,active,registry,20000317,
2406,TWSE,active,registry,20000429,
2408,TWSE,active,registry,20000817,
2409,TWSE,active,registry,20000908,
2412,TWSE,active,registry,20001027,
2413,TWSE,active,registry,20000911,
2414,TWSE,active,registry,20000911,
2415,TWSE,active,registry,20000911,
2417,TWSE,active,registry,20000911,
2419,TWSE,active,registry,20000911,
2420,TWSE,active,registry,20000911,
2421,TWSE,active,registry,20000911,
2423,TWSE,active,registry,20000911,
2424,TWSE,active,registry,20000911,
2425,TWSE,active,registry,20000911,
2426,TWSE,active,registry,20000911,
2427,TWSE,active,registry,20000911,
2428,TWSE,active,registry,20000911,
2429,TWSE,active,registry,20000911,
2430,TWSE,active,registry,20000911,
2431,TWSE,active,registry,20000911,
2432,TWSE,active,registry,20230531,
2433,TWSE,active,registry,20000911,
2434,TWSE,active,registry,20000911,
2436,TWSE,active,registry,20000911,
2438,TWSE,active,registry,20000911,
2439,TWSE,active,registry,20000911,
2440,TWSE,active,registry,20001110,
2441,TWSE,active,registry,20001026,
2442,TWSE,active,registry,20001122,
2444,TWSE,active,registry,20001208,
2449,TWSE,active,registry,20010509,
2450,TWSE,active,registry,20010524,
2451,TWSE,active,registry,20010503,
2453,TWSE,active,registry,20010522,
2454,TWSE,active,registry,20010723,
2455,TWSE,active,registry,20020124,
2457,TWSE,active,registry,20010917,
2458,TWSE,active,registry,20010917,
2459,TWSE,active,registry,20010917,
2460,TWSE,active,registry,20010917,
2461,TWSE,active,registry,20010917,
2462,TWSE,active,registry,20010917,
2464,TWSE,active,registry,20010917,
2465,TWSE,active,registry,20010919,
2466,TWSE,active,registry,20010917,
2467,TWSE,active,registry,20010917,
2468,TWSE,active,registry,20010917,
2471,TWSE,active,registry,20010917,
2472,TWSE,active,registry,20010917,
2474,TWSE,active,registry,20010917,
2476,TWSE,active,registry,20010917,
2477,TWSE,active,registry,20010917,
2478,TWSE,active,registry,20010917,
2480,TWSE,active,registry,20010917,
2481,TWSE,active,registry,20010917,
2482,TWSE,active,registry,20010919,
2483,TWSE,active,registry,20010917,
2484,TWSE,active,registry,20010917,
2485,TWSE,active,registry,20010917,
2486,TWSE,active,registry,20010919,
2488,TWSE,active,registry,20010917,
2489,TWSE,active,registry,20010917,
2491,TWSE,active,registry,20010919,
2492,TWSE,active,registry,20010917,
2493,TWSE,active,registry,20020123,
2495,TWSE,active,registry,20020325,
2496,TWSE,active,registry,20020308,
2497,TWSE,active,registry,20020204,
2498,TWSE,active,registry,20020326,
2501,TWSE,active,registry,19671028,
2504,TWSE,active,registry,19780314,
2505,TWSE,active,registry,19791114,
2506,TWSE,active,registry,19800202,
2509,TWSE,active,registry,19880520,
2511,TWSE,active,registry,19910424,
2514,TWSE,active,registry,19920926,
2515,TWSE,active,registry,19930302,
2516,TWSE,active,registry,19930525,
2520,TWSE,active,registry,19931027,
2524,TWSE,active,registry,19941018,
2527,TWSE,active,registry,19950306,
2528,TWSE,active,registry,19950310,
2530,TWSE,active,registry,19951012,
2534,TWSE,active,registry,19960212,
2535,TWSE,active,registry,19960311,
2536,TWSE,active,registry,19960314,
2537,TWSE,active,registry,19960906,
2538,TWSE,active,registry,19961101,
2539,TWSE,active,registry,19970716,
2540,TWSE,active,registry,19891226,
2542,TWSE,active,registry,19990503,
2543,TWSE,active,registry,19991015,
2545,TWSE,active,registry,20000911,
2546,TWSE,active,registry,20000911,
2547,TWSE,active,registry,20001222,
2548,TWSE,active,registry,20020826,
2597,TWSE,active,registry,20100326,
2601,TWSE,active,registry,19651104,
2603,TWSE,active,registry,19870921,
2605,TWSE,active,registry,19891208,
2606,TWSE,active,registry,19901208,
2607,TWSE,active,registry,19901214,
2608,TWSE,active,registry,19901220,
2609,TWSE,active,registry,19920420,
2610,TWSE,active,registry,19930226,
2611,TWSE,active,registry,19931028,
2612,TWSE,active,registry,19941020,
2613,TWSE,active,registry,19950120,
2614,TWSE,active,registry,19950923,
2615,TWSE,active,registry,19960516,
2616,TWSE,active,registry,19971108,
2617,TWSE,active,registry,19980624,
2618,TWSE,active,registry,20010917,
2630,TWSE,active,registry,20180222,
2633,TWSE,active,registry,20161027,
2634,TWSE,active,registry,20140825,
2636,TWSE,active,registry,20161222,
2637,TWSE,active,registry,20101201,
2642,TWSE,active,registry,20131212,
2645,TWSE,active,registry,20230314,
2646,TWSE,active,registry,20241025,
2701,TWSE,active,registry,19650322,
2702,TWSE,active,registry,19650214,
2704,TWSE,active,registry,19821110,
2705,TWSE,active,registry,19881224,
2706,TWSE,active,registry,19910625,
2707,TWSE,active,registry,19980309,
2712,TWSE,active,registry,20131203,
2722,TWSE,active,registry,20120314,
2723,TWSE,active,registry,20101122,
2727,TWSE,active,registry,20120306,
2731,TWSE,active,registry,20130924,
2739,TWSE,active,registry,20160519,
2748,TWSE,active,registry,20161123,
2753,TWSE,active,registry,20210909,
2762,TWSE,active,registry,20240124,
2801,TWSE,active,registry,19620215,
2812,TWSE,active,registry,19840515,
2816,TWSE,active,registry,19920505,
2820,TWSE,active,registry,19941026,
2832,TWSE,active,registry,19970930,
2834,TWSE,active,registry,19980103,
2836,TWSE,active,registry,19980518,
2838,TWSE,active,registry,19980629,
2845,TWSE,active,registry,19981127,
2849,TWSE,active,registry,19990927,
2850,TWSE,active,registry,20000522,
2851,TWSE,active,registry,20000706,
2852,TWSE,active,registry,20001128,
2855,TWSE,active,registry,20020916,
2867,TWSE,active,registry,20121218,
2880,TWSE,active,registry,20011219,
2881,TWSE,active,registry,20011219,
2882,TWSE,active,registry,20011231,
2883,TWSE,active,registry,20011228,
2884,TWSE,active,registry,20020128,
2885,TWSE,active,registry,20020204,
2886,TWSE,active,registry,20020204,
2887,TWSE,active,registry,20020218,
2889,TWSE,active,registry,20020326,
2890,TWSE,active,registry,20020509,
2891,TWSE,active,registry,20020517,
2892,TWSE,active,registry,20030102,
2897,TWSE,active,registry,20170505,
2901,TWSE,active,registry,19760507,
2903,TWSE,active,registry,19781011,
2904,TWSE,active,registry,19830105,
2905,TWSE,active,registry,19880919,
2906,TWSE,active,registry,19891226,
2908,TWSE,active,registry,19930218,
2910,TWSE,active,registry,19961230,
2911,TWSE,active,registry,19970118,
2912,TWSE,active,registry,19970822,
2913,TWSE,active,registry,19620209,
2915,TWSE,active,registry,19770720,
2923,TWSE,active,registry,20121207,
2929,TWSE,active,registry,20131230,
2939,TWSE,active,registry,20180111,
2945,TWSE,active,registry,20211130,
3002,TWSE,active,registry,20020123,
3003,TWSE,active,registry,20020219,
3004,TWSE,active,registry,20020225,
3005,TWSE,active,registry,20020225,
3006,TWSE,active,registry,20020304,
3008,TWSE,active,registry,20020311,
3010,TWSE,active,registry,20020722,
3011,TWSE,active,registry,20020722,
3013,TWSE,active,registry,20020916,
3014,TWSE,active,registry,20021029,
3015,TWSE,active,registry,20021016,
3016,TWSE,active,registry,20021224,
3017,TWSE,active,registry,20020927,
3018,TWSE,active,registry,20020826,
3019,TWSE,active,registry,20020826,
3021,TWSE,active,registry,20020826,
3022,TWSE,active,registry,20020826,
3023,TWSE,active,registry,20020826,
3024,TWSE,active,registry,20020826,
3025,TWSE,active,registry,20020826,
3026,TWSE,active,registry,20020826,
3027,TWSE,active,registry,20020826,
3028,TWSE,active,registry,20020826,
3029,TWSE,active,registry,20020826,
3030,TWSE,active,registry,20021029,
3031,TWSE,active,registry,20020826,
3032,TWSE,active,registry,20020826,
3033,TWSE,active,registry,20020826,
3034,TWSE,active,registry,20020826,
3035,TWSE,active,registry,20020826,
3036,TWSE,active,registry,20020826,
3037,TWSE,active,registry,20020826,
3038,TWSE,active,registry,20020826,
3040,TWSE,active,registry,20020826,
3041,TWSE,active,registry,20020826,
3042,TWSE,active,registry,20020826,
3043,TWSE,active,registry,20020826,
3044,TWSE,active,registry,20020826,
3045,TWSE,active,registry,20020826,
3046,TWSE,active,registry,20020826,
3047,TWSE,active,registry,20020826,
3048,TWSE,active,registry,20021001,
3049,TWSE,active,registry,20020927,
3050,TWSE,active,registry,20021029,
3051,TWSE,active,registry,20021028,
3052,TWSE,active,registry,19951125,
3054,TWSE,active,registry,20021118,
3055,TWSE,active,registry,20021212,
3056,TWSE,active,registry,20030303,
3057,TWSE,active,registry,20021218,
3058,TWSE,active,registry,20021209,
3059,TWSE,active,registry,20021224,
3060,TWSE,active,registry,20030421,
3062,TWSE,active,registry,20030728,
3090,TWSE,active,registry,20071231,
3092,TWSE,active,registry,20210513,
3094,TWSE,active,registry,20070806,
3130,TWSE,active,registry,20060217,
3135,TWSE,active,registry,20250806,
3138,TWSE,active,registry,20201211,
3149,TWSE,active,registry,20111123,
3150,TWSE,active,registry,20240627,
3164,TWSE,active,registry,20100322,
3167,TWSE,active,registry,20131021,
3168,TWSE,active,registry,20240326,
3189,TWSE,active,registry,20041101,
3209,TWSE,active,registry,20081126,
3229,TWSE,active,registry,20091231,
3231,TWSE,active,registry,20030819,
3257,TWSE,active,registry,20110321,
3266,TWSE,active,registry,20141224,
3296,TWSE,active,registry,20071231,
3305,TWSE,active,registry,20080710,
3308,TWSE,active,registry,20080312,
3311,TWSE,active,registry,20040308,
3312,TWSE,active,registry,20101229,
3321,TWSE,active,registry,20151215,
3338,TWSE,active,registry,20131213,
3346,TWSE,active,registry,20161219,
3356,TWSE,active,registry,20050328,
3376,TWSE,active,registry,20071231,
3380,TWSE,active,registry,20041220,
3406,TWSE,active,registry,20051220,
3413,TWSE,active,registry,20150728,
3416,TWSE,active,registry,20150123,
3419,TWSE,active,registry,20080121,
3432,TWSE,active,registry,20101230,
3437,TWSE,active,registry,20140709,
3443,TWSE,active,registry,20061103,
3447,TWSE,active,registry,20221215,
3450,TWSE,active,registry,20060412,
3481,TWSE,active,registry,20061024,
3494,TWSE,active,registry,20071213,
3501,TWSE,active,registry,20070920,
3504,TWSE,active,registry,20070126,
3515,TWSE,active,registry,20071108,
3518,TWSE,active,registry,20071128,
3528,TWSE,active,registry,20160518,
3530,TWSE,active,registry,20180716,
3532,TWSE,active,registry,20071210,
3533,TWSE,active,registry,20071210,
3535,TWSE,active,registry,20080131,
3543,TWSE,active,registry,20200415,
3545,TWSE,active,registry,20070703,
3550,TWSE,active,registry,20101110,
3557,TWSE,active,registry,20080227,
3563,TWSE,active,registry,20190402,
3576,TWSE,active,registry,20090112,
3583,TWSE,active,registry,20130312,
3588,TWSE,active,registry,20090814,
3591,TWSE,active,registry,20101112,
3592,TWSE,active,registry,20220107,
3593,TWSE,active,registry,20090316,
3596,TWSE,active,registry,20090311,
3605,TWSE,active,registry,20090326,
3607,TWSE,active,registry,20091028,
3617,TWSE,active,registry,20091223,
3622,TWSE,active,registry,20090325,
3645,TWSE,active,registry,20111005,
3652,TWSE,active,registry,20220921,
3653,TWSE,active,registry,20091118,
3661,TWSE,active,registry,20141028,
3665,TWSE,active,registry,20110421,
3669,TWSE,active,registry,20110825,
3673,TWSE,active,registry,20101029,
3679,TWSE,active,registry,20111005,
3686,TWSE,active,registry,20100720,
3694,TWSE,active,registry,20110503,
3701,TWSE,active,registry,20040830,
3702,TWSE,active,registry,20051109,
3703,TWSE,active,registry,20100408,
3704,TWSE,active,registry,20100816,
3705,TWSE,active,registry,20110103,
3706,TWSE,active,registry,20130912,
3708,TWSE,active,registry,20160831,
3711,TWSE,active,registry,20180430,
3712,TWSE,active,registry,20181001,
3714,TWSE,active,registry,20210106,
3715,TWSE,active,registry,20220825,
3716,TWSE,active,registry,20240902,
3717,TWSE,active,registry,20250815,
4104,TWSE,active,registry,20071231,
4106,TWSE,active,registry,20041108,
4108,TWSE,active,registry,20080716,
4119,TWSE,active,registry,20040107,
4133,TWSE,active,registry,20091228,
4137,TWSE,active,registry,20131127,
4142,TWSE,active,registry,20120503,
4148,TWSE,active,registry,20170608,
4155,TWSE,active,registry,20171205,
4164,TWSE,active,registry,20121024,
4169,TWSE,active,registry,20260408,
4178,TWSE,active,registry,20260430,
4190,TWSE,active,registry,20151021,
4195,TWSE,active,registry,20260511,
4306,TWSE,active,registry,20080121,
4414,TWSE,active,registry,20040906,
4426,TWSE,active,registry,20111216,
4438,TWSE,active,registry,20161018,
4439,TWSE,active,registry,20191205,
4440,TWSE,active,registry,20211025,
4441,TWSE,active,registry,20250909,
4526,TWSE,active,registry,20030915,
4532,TWSE,active,registry,20030804,
4536,TWSE,active,registry,20131009,
4540,TWSE,active,registry,20180815,
4545,TWSE,active,registry,20160106,
4551,TWSE,active,registry,20150810,
4552,TWSE,active,registry,20160720,
4555,TWSE,active,registry,20151027,
4557,TWSE,active,registry,20151012,
4560,TWSE,active,registry,20170526,
4562,TWSE,active,registry,20170821,
4564,TWSE,active,registry,20190307,
4566,TWSE,active,registry,20180205,
4569,TWSE,active,registry,20230731,
4571,TWSE,active,registry,20190917,
4572,TWSE,active,registry,20190910,
4576,TWSE,active,registry,20190904,
4581,TWSE,active,registry,20200309,
4582,TWSE,active,registry,20260522,
4583,TWSE,active,registry,20220509,
4585,TWSE,active,registry,20250926,
4588,TWSE,active,registry,20240129,
4590,TWSE,active,registry,20260129,
4720,TWSE,active,registry,20150624,
4722,TWSE,active,registry,20120815,
4736,TWSE,active,registry,20231222,
4737,TWSE,active,registry,20101223,
4739,TWSE,active,registry,20170908,
4746,TWSE,active,registry,20110301,
4755,TWSE,active,registry,20131127,
4763,TWSE,active,registry,20151109,
4764,TWSE,active,registry,20180104,
4766,TWSE,active,registry,20181128,
4770,TWSE,active,registry,20211222,
4771,TWSE,active,registry,20240318,
4807,TWSE,active,registry,20170626,
4904,TWSE,active,registry,20050824,
4906,TWSE,active,registry,20030630,
4912,TWSE,active,registry,20150521,
4915,TWSE,active,registry,20121005,
4916,TWSE,active,registry,20131121,
4919,TWSE,active,registry,20100927,
4927,TWSE,active,registry,20150908,
4930,TWSE,active,registry,20100621,
4934,TWSE,active,registry,20110816,
4935,TWSE,active,registry,20110728,
4938,TWSE,active,registry,20100624,
4942,TWSE,active,registry,20110627,
4943,TWSE,active,registry,20161111,
4949,TWSE,active,registry,20240509,
4952,TWSE,active,registry,20111101,
4956,TWSE,active,registry,20111024,
4958,TWSE,active,registry,20111226,
4960,TWSE,active,registry,20111024,
4961,TWSE,active,registry,20181017,
4967,TWSE,active,registry,20190114,
4968,TWSE,active,registry,20151113,
4976,TWSE,active,registry,20121120,
4977,TWSE,active,registry,20131120,
4989,TWSE,active,registry,20180628,
4994,TWSE,active,registry,20131225,
4999,TWSE,active,registry,20130603,
5007,TWSE,active,registry,20110916,
5203,TWSE,active,registry,20040927,
5215,TWSE,active,registry,20111226,
5222,TWSE,active,registry,20211025,
5225,TWSE,active,registry,20121105,
5234,TWSE,active,registry,20120716,
5243,TWSE,active,registry,20131125,
5244,TWSE,active,registry,20220119,
5258,TWSE,active,registry,20161230,
5269,TWSE,active,registry,20121212,
5283,TWSE,active,registry,20190524,
5284,TWSE,active,registry,20170309,
5285,TWSE,active,registry,20140225,
5288,TWSE,active,registry,20140925,
5292,TWSE,active,registry,20231121,
5306,TWSE,active,registry,20220308,
5388,TWSE,active,registry,20071203,
5434,TWSE,active,registry,20030825,
5469,TWSE,active,registry,20030825,
5471,TWSE,active,registry,20030825,
5484,TWSE,active,registry,20030825,
5515,TWSE,active,registry,20031006,
5519,TWSE,active,registry,20140210,
5521,TWSE,active,registry,20121218,
5522,TWSE,active,registry,20070806,
5525,TWSE,active,registry,20041126,
5531,TWSE,active,registry,20050131,
5533,TWSE,active,registry,20080430,
5534,TWSE,active,registry,20040524,
5538,TWSE,active,registry,20131216,
5546,TWSE,active,registry,20200520,
5607,TWSE,active,registry,20041202,
5608,TWSE,active,registry,20030825,
5706,TWSE,active,registry,20111021,
5871,TWSE,active,registry,20111213,
5876,TWSE,active,registry,20181019,
5880,TWSE,active,registry,20111201,
5906,TWSE,active,registry,20111024,
5907,TWSE,active,registry,20120606,
6005,TWSE,active,registry,20051121,
6024,TWSE,active,registry,20171016,
6108,TWSE,active,registry,20081230,
6112,TWSE,active,registry,20030804,
6115,TWSE,active,registry,20040719,
6116,TWSE,active,registry,20040906,
6117,TWSE,active,registry,20030825,
6120,TWSE,active,registry,20060913,
6128,TWSE,active,registry,20030616,
6133,TWSE,active,registry,20030815,
6136,TWSE,active,registry,20030825,
6139,TWSE,active,registry,20030825,
6141,TWSE,active,registry,20031022,
6142,TWSE,active,registry,20030804,
6152,TWSE,active,registry,20091208,
6153,TWSE,active,registry,20080121,
6155,TWSE,active,registry,20060818,
6164,TWSE,active,registry,20081021,
6165,TWSE,active,registry,20030804,
6166,TWSE,active,registry,20041108,
6168,TWSE,active,registry,20030825,
6176,TWSE,active,registry,20070515,
6177,TWSE,active,registry,20130801,
6183,TWSE,active,registry,20111201,
6184,TWSE,active,registry,20050215,
6189,TWSE,active,registry,20040524,
6191,TWSE,active,registry,20071019,
6192,TWSE,active,registry,20040927,
6196,TWSE,active,registry,20040524,
6197,TWSE,active,registry,20041108,
6201,TWSE,active,registry,20040927,
6202,TWSE,active,registry,20040927,
6205,TWSE,active,registry,20080121,
6206,TWSE,active,registry,20040803,
6209,TWSE,active,registry,20041108,
6213,TWSE,active,registry,20080121,
6214,TWSE,active,registry,20101230,
6215,TWSE,active,registry,20071231,
6216,TWSE,active,registry,20040927,
6224,TWSE,active,registry,20090917,
6225,TWSE,active,registry,20040927,
6226,TWSE,active,registry,20081110,
6230,TWSE,active,registry,20100916,
6235,TWSE,active,registry,20040823,
6239,TWSE,active,registry,20041108,
6243,TWSE,active,registry,20091217,
6257,TWSE,active,registry,20030825,
6269,TWSE,active,registry,20030923,
6271,TWSE,active,registry,20071116,
6272,TWSE,active,registry,20251222,
6277,TWSE,active,registry,20031030,
6278,TWSE,active,registry,20100824,
6281,TWSE,active,registry,20051208,
6282,TWSE,active,registry,20030908,
6283,TWSE,active,registry,20080121,
6285,TWSE,active,registry,20030922,
6405,TWSE,active,registry,20131128,
6409,TWSE,active,registry,20140331,
6412,TWSE,active,registry,20131108,
6414,TWSE,active,registry,20140328,
6415,TWSE,active,registry,20131212,
6416,TWSE,active,registry,20180416,
6426,TWSE,active,registry,20210324,
6431,TWSE,active,registry,20141204,
6438,TWSE,active,registry,20210119,
6442,TWSE,active,registry,20150714,
6443,TWSE,active,registry,20151001,
6446,TWSE,active,registry,20240125,
6449,TWSE,active,registry,20141209,
6451,TWSE,active,registry,20150126,
6456,TWSE,active,registry,20150612,
6464,TWSE,active,registry,20151216,
6472,TWSE,active,registry,20231219,
6477,TWSE,active,registry,20160621,
6491,TWSE,active,registry,20191007,
6504,TWSE,active,registry,20130507,
6505,TWSE,active,registry,20031226,
6515,TWSE,active,registry,20210120,
6525,TWSE,active,registry,20160412,
6526,TWSE,active,registry,20231019,
6531,TWSE,active,registry,20160531,
6533,TWSE,active,registry,20170314,
6534,TWSE,active,registry,20231221,
6541,TWSE,active,registry,20171026,
6550,TWSE,active,registry,20220606,
6552,TWSE,active,registry,20170110,
6558,TWSE,active,registry,20181205,
6573,TWSE,active,registry,20170926,
6579,TWSE,active,registry,20170821,
6581,TWSE,active,registry,20180130,
6582,TWSE,active,registry,20170614,
6585,TWSE,active,registry,20220520,
6589,TWSE,active,registry,20250721,
6591,TWSE,active,registry,20171228,
6592,TWSE,active,registry,20191209,
6598,TWSE,active,registry,20200609,
6605,TWSE,active,registry,20040317,
6606,TWSE,active,registry,20230324,
6614,TWSE,active,registry,20251125,
6625,TWSE,active,registry,20180207,
6641,TWSE,active,registry,20180921,
6645,TWSE,active,registry,20231221,
6655,TWSE,active,registry,20181128,
6657,TWSE,active,registry,20230612,
6658,TWSE,active,registry,20231102,
6666,TWSE,active,registry,20181119,
6668,TWSE,active,registry,20181212,
6669,TWSE,active,registry,20190327,
6670,TWSE,active,registry,20181218,
6671,TWSE,active,registry,20181211,
6672,TWSE,active,registry,20190417,
6674,TWSE,active,registry,20181128,
6689,TWSE,active,registry,20220913,
6691,TWSE,active,registry,20220103,
6695,TWSE,active,registry,20221104,
6698,TWSE,active,registry,20191125,
6706,TWSE,active,registry,20191219,
6715,TWSE,active,registry,20191212,
6719,TWSE,active,registry,20220113,
6722,TWSE,active,registry,20260116,
6742,TWSE,active,registry,20231205,
6743,TWSE,active,registry,20201214,
6753,TWSE,active,registry,20230310,
6754,TWSE,active,registry,20200825,
6756,TWSE,active,registry,20201224,
6757,TWSE,active,registry,20230815,
6768,TWSE,active,registry,20210422,
6770,TWSE,active,registry,20211206,
6771,TWSE,active,registry,20240517,
6776,TWSE,active,registry,20210331,
6781,TWSE,active,registry,20210322,
6782,TWSE,active,registry,20221128,
6789,TWSE,active,registry,20220630,
6790,TWSE,active,registry,20210929,
6792,TWSE,active,registry,20211208,
6794,TWSE,active,registry,20240521,
6796,TWSE,active,registry,20220601,
6799,TWSE,active,registry,20220512,
6805,TWSE,active,registry,20231109,
6807,TWSE,active,registry,20220425,
6830,TWSE,active,registry,20220831,
6831,TWSE,active,registry,20251125,
6834,TWSE,active,registry,20220901,
6835,TWSE,active,registry,20221110,
6838,TWSE,active,registry,20240813,
6854,TWSE,active,registry,20220818,
6861,TWSE,active,registry,20230327,
6862,TWSE,active,registry,20241023,
6863,TWSE,active,registry,20230321,
6869,TWSE,active,registry,20230314,
6873,TWSE,active,registry,20240926,
6885,TWSE,active,registry,20241216,
6887,TWSE,active,registry,20250310,
6890,TWSE,active,registry,20240612,
6901,TWSE,active,registry,20230919,
6902,TWSE,active,registry,20230713,
6906,TWSE,active,registry,20240115,
6908,TWSE,active,registry,20260325,
6909,TWSE,active,registry,20250521,
6914,TWSE,active,registry,20240503,
6916,TWSE,active,registry,20231205,
6918,TWSE,active,registry,20250610,
6919,TWSE,active,registry,20241002,
6921,TWSE,active,registry,20251223,
6923,TWSE,active,registry,20240925,
6924,TWSE,active,registry,20241203,
6928,TWSE,active,registry,20240516,
6931,TWSE,active,registry,20250115,
6933,TWSE,active,registry,20231108,
6934,TWSE,active,registry,20260202,
6936,TWSE,active,registry,20250428,
6937,TWSE,active,registry,20231212,
6944,TWSE,active,registry,20250528,
6949,TWSE,active,registry,20240308,
6951,TWSE,active,registry,20240618,
6952,TWSE,active,registry,20240613,
6955,TWSE,active,registry,20241206,
6957,TWSE,active,registry,20240625,
6958,TWSE,active,registry,20240820,
6962,TWSE,active,registry,20241126,
6965,TWSE,active,registry,20250307,
6969,TWSE,active,registry,20240909,
6988,TWSE,active,registry,20241023,
6994,TWSE,active,registry,20250115,
7610,TWSE,active,registry,20250909,
7631,TWSE,active,registry,20250313,
7705,TWSE,active,registry,20241126,
7711,TWSE,active,registry,20251119,
7721,TWSE,active,registry,20250729,
7722,TWSE,active,registry,20241205,
7730,TWSE,active,registry,20251104,
7732,TWSE,active,registry,20250114,
7736,TWSE,active,registry,20250318,
7740,TWSE,active,registry,20250616,
7749,TWSE,active,registry,20250613,
7750,TWSE,active,registry,20250917,
7760,TWSE,active,registry,20260428,
7765,TWSE,active,registry,20250908,
7768,TWSE,active,registry,20260507,
7769,TWSE,active,registry,20251127,
7780,TWSE,active,registry,20250909,
7786,TWSE,active,registry,20251118,
7788,TWSE,active,registry,20251016,
7791,TWSE,active,registry,20251028,
7795,TWSE,active,registry,20260116,
7799,TWSE,active,registry,20250915,
7803,TWSE,active,registry,20260520,
7818,TWSE,active,registry,20260518,
7821,TWSE,active,registry,20260420,
7822,TWSE,active,registry,20260330,
7823,TWSE,active,registry,20260205,
7827,TWSE,active,registry,20260529,
8011,TWSE,active,registry,20110919,
8016,TWSE,active,registry,20031225,
8021,TWSE,active,registry,20080121,
8028,TWSE,active,registry,20180710,
8033,TWSE,active,registry,20070621,
8039,TWSE,active,registry,20091217,
8045,TWSE,active,registry,20241211,
8046,TWSE,active,registry,20060407,
8070,TWSE,active,registry,20071231,
8072,TWSE,active,registry,20050819,
8081,TWSE,active,registry,20081230,
8101,TWSE,active,registry,20040701,
8103,TWSE,active,registry,20090929,
8104,TWSE,active,registry,20190117,
8105,TWSE,active,registry,20061227,
8110,TWSE,active,registry,20071031,
8112,TWSE,active,registry,20071231,
8114,TWSE,active,registry,20121126,
8131,TWSE,active,registry,20071129,
8150,TWSE,active,registry,20140411,
8162,TWSE,active,registry,20240307,
8163,TWSE,active,registry,20071128,
8201,TWSE,active,registry,20071029,
8210,TWSE,active,registry,20111201,
8213,TWSE,active,registry,20091225,
8215,TWSE,active,registry,20101112,
8222,TWSE,active,registry,20150127,
8249,TWSE,active,registry,20050517,
8261,TWSE,active,registry,20091211,
8271,TWSE,active,registry,20101229,
8341,TWSE,active,registry,20150323,
8367,TWSE,active,registry,20180912,
8374,TWSE,active,registry,20081225,
8404,TWSE,active,registry,20110518,
8411,TWSE,active,registry,20111101,
8422,TWSE,active,registry,20111005,
8429,TWSE,active,registry,20121220,
8438,TWSE,active,registry,20220311,
8442,TWSE,active,registry,20161108,
8443,TWSE,active,registry,20140915,
8454,TWSE,active,registry,20141219,
8462,TWSE,active,registry,20190315,
8463,TWSE,active,registry,20150713,
8464,TWSE,active,registry,20151222,
8466,TWSE,active,registry,20161101,
8467,TWSE,active,registry,20151215,
8473,TWSE,active,registry,20160908,
8476,TWSE,active,registry,20231031,
8478,TWSE,active,registry,20171211,
8481,TWSE,active,registry,20170224,
8482,TWSE,active,registry,20180815,
8487,TWSE,active,registry,20240326,
8488,TWSE,active,registry,20161213,
8499,TWSE,active,registry,20171124,
8926,TWSE,active,registry,20030825,
8940,TWSE,active,registry,20090515,
8996,TWSE,active,registry,20140214,
9103,TWSE,active,registry,20021213,
910322,TWSE,active,registry,20091216,
9105,TWSE,active,registry,20030922,
910861,TWSE,active,registry,20101124,
9110,TWSE,active,registry,20091203,
911608,TWSE,active,registry,20101020,
911622,TWSE,active,registry,20110929,
911868,TWSE,active,registry,20091222,
912000,TWSE,active,registry,20110425,
9136,TWSE,active,registry,20090525,
9802,TWSE,active,registry,20121018,
9902,TWSE,active,registry,19640714,
9904,TWSE,active,registry,19900119,
9905,TWSE,active,registry,19900808,
9906,TWSE,active,registry,19901215,
9907,TWSE,active,registry,19910129,
9908,TWSE,active,registry,19910206,
9910,TWSE,active,registry,19920218,
9911,TWSE,active,registry,19920716,
9912,TWSE,active,registry,19920808,
9914,TWSE,active,registry,19920930,
9917,TWSE,active,registry,19931208,
9918,TWSE,active,registry,19940426,
9919,TWSE,active,registry,19941104,
9921,TWSE,active,registry,19941229,
9924,TWSE,active,registry,19950315,
9925,TWSE,active,registry,19951209,
9926,TWSE,active,registry,19980408,
9927,TWSE,active,registry,19990312,
9928,TWSE,active,registry,19990809,
9929,TWSE,active,registry,19990628,
9930,TWSE,active,registry,19991122,
9931,TWSE,active,registry,20000321,
9933,TWSE,active,registry,19930528,
9934,TWSE,active,registry,20000911,
9935,TWSE,active,registry,20000911,
9937,TWSE,active,registry,20000911,
9938,TWSE,active,registry,20010112,
9939,TWSE,active,registry,20010302,
9940,TWSE,active,registry,20010917,
9941,TWSE,active,registry,20010917,
9942,TWSE,active,registry,20020128,
9943,TWSE,active,registry,20020826,
9944,TWSE,active,registry,20020826,
9945,TWSE,active,registry,19920430,
9946,TWSE,active,registry,20130917,
9955,TWSE,active,registry,20080121,
9958,TWSE,active,registry,20080312,
1240,TPEx,active,registry,20180808,
1259,TPEx,active,registry,20111215,
1264,TPEx,active,registry,20150409,
1268,TPEx,active,registry,20170927,
1294,TPEx,active,registry,20240926,
1295,TPEx,active,registry,20250527,
1336,TPEx,active,registry,20071102,
1565,TPEx,active,registry,20040330,
1569,TPEx,active,registry,20050729,
1570,TPEx,active,registry,20050630,
1580,TPEx,active,registry,20071210,
1584,TPEx,active,registry,20071128,
1586,TPEx,active,registry,20120109,
1591,TPEx,active,registry,20120323,
1593,TPEx,active,registry,20120613,
1595,TPEx,active,registry,20111004,
1599,TPEx,active,registry,20121225,
1742,TPEx,active,registry,20040514,
1777,TPEx,active,registry,20051019,
1780,TPEx,active,registry,20260617,
1781,TPEx,active,registry,20041224,
1784,TPEx,active,registry,20070726,
1785,TPEx,active,registry,20050131,
1788,TPEx,active,registry,20090720,
1796,TPEx,active,registry,20180122,
1799,TPEx,active,registry,20081110,
1813,TPEx,active,registry,20090804,
1815,TPEx,active,registry,20060123,
2035,TPEx,active,registry,20060707,
2061,TPEx,active,registry,20101209,
2063,TPEx,active,registry,20100907,
2064,TPEx,active,registry,20141226,
2065,TPEx,active,registry,20170421,
2066,TPEx,active,registry,20130924,
2067,TPEx,active,registry,20140526,
2070,TPEx,active,registry,20181217,
2073,TPEx,active,registry,20230621,
2221,TPEx,active,registry,20070801,
2230,TPEx,active,registry,20130418,
2235,TPEx,active,registry,20141215,
2596,TPEx,active,registry,20090601,
2640,TPEx,active,registry,20121107,
2641,TPEx,active,registry,20141009,
2643,TPEx,active,registry,20160304,
2718,TPEx,active,registry,20110329,
2719,TPEx,active,registry,20120224,
2724,TPEx,active,registry,20120529,
2726,TPEx,active,registry,20141224,
2729,TPEx,active,registry,20120917,
2732,TPEx,active,registry,20150120,
2734,TPEx,active,registry,20131226,
2736,TPEx,active,registry,20160106,
2740,TPEx,active,registry,20151224,
2743,TPEx,active,registry,20200309,
2745,TPEx,active,registry,20180416,
2751,TPEx,active,registry,20240910,
2752,TPEx,active,registry,20190925,
2754,TPEx,active,registry,20200917,
2755,TPEx,active,registry,20201216,
2756,TPEx,active,registry,20220114,
2916,TPEx,active,registry,20050310,
2924,TPEx,active,registry,20111202,
2926,TPEx,active,registry,20130130,
2937,TPEx,active,registry,20170608,
2941,TPEx,active,registry,20240320,
2947,TPEx,active,registry,20211006,
2948,TPEx,active,registry,20231212,
2949,TPEx,active,registry,20231215,
3064,TPEx,active,registry,20040609,
3066,TPEx,active,registry,20041202,
3067,TPEx,active,registry,20031021,
3071,TPEx,active,registry,20041230,
3073,TPEx,active,registry,20071008,
3078,TPEx,active,registry,20050131,
3081,TPEx,active,registry,20150722,
3083,TPEx,active,registry,20031202,
3085,TPEx,active,registry,20040301,
3086,TPEx,active,registry,20040329,
3088,TPEx,active,registry,20050428,
3093,TPEx,active,registry,20050617,
3095,TPEx,active,registry,20050526,
3105,TPEx,active,registry,20111213,
3114,TPEx,active,registry,20040325,
3115,TPEx,active,registry,20050408,
3118,TPEx,active,registry,20080521,
3122,TPEx,active,registry,20150126,
3128,TPEx,active,registry,20060904,
3131,TPEx,active,registry,20110117,
3141,TPEx,active,registry,20140314,
3147,TPEx,active,registry,20180529,
3152,TPEx,active,registry,20080324,
3158,TPEx,active,registry,20251117,
3162,TPEx,active,registry,20051003,
3163,TPEx,active,registry,20121203,
3169,TPEx,active,registry,20091124,
3171,TPEx,active,registry,20040917,
3176,TPEx,active,registry,20111123,
3178,TPEx,active,registry,20181119,
3188,TPEx,active,registry,20040317,
3191,TPEx,active,registry,20050412,
3205,TPEx,active,registry,20050912,
3206,TPEx,active,registry,20070208,
3207,TPEx,active,registry,20041104,
3211,TPEx,active,registry,20041108,
3213,TPEx,active,registry,20041001,
3217,TPEx,active,registry,20040430,
3218,TPEx,active,registry,20041129,
3219,TPEx,active,registry,20040319,
3221,TPEx,active,registry,20060222,
3224,TPEx,active,registry,20040603,
3226,TPEx,active,registry,20040616,
3227,TPEx,active,registry,20060504,
3228,TPEx,active,registry,20050302,
3230,TPEx,active,registry,20060925,
3232,TPEx,active,registry,20041101,
3234,TPEx,active,registry,20110324,
3236,TPEx,active,registry,20041202,
3252,TPEx,active,registry,20040923,
3259,TPEx,active,registry,20071224,
3260,TPEx,active,registry,20041008,
3264,TPEx,active,registry,20050105,
3265,TPEx,active,registry,20050802,
3268,TPEx,active,registry,20050127,
3272,TPEx,active,registry,20140826,
3276,TPEx,active,registry,20050112,
3284,TPEx,active,registry,20050322,
3285,TPEx,active,registry,20120723,
3287,TPEx,active,registry,20080128,
3288,TPEx,active,registry,20050415,
3289,TPEx,active,registry,20041228,
3290,TPEx,active,registry,20050519,
3293,TPEx,active,registry,20060712,
3294,TPEx,active,registry,20070427,
3297,TPEx,active,registry,20050607,
3303,TPEx,active,registry,20070528,
3306,TPEx,active,registry,20050705,
3310,TPEx,active,registry,20080627,
3313,TPEx,active,registry,20060529,
3317,TPEx,active,registry,20070809,
3322,TPEx,active,registry,20090520,
3323,TPEx,active,registry,20070625,
3324,TPEx,active,registry,20050513,
3325,TPEx,active,registry,20050815,
3332,TPEx,active,registry,20080124,
3339,TPEx,active,registry,20060627,
3349,TPEx,active,registry,20220323,
3354,TPEx,active,registry,20051208,
3357,TPEx,active,registry,20210427,
3360,TPEx,active,registry,20060606,
3362,TPEx,active,registry,20050906,
3363,TPEx,active,registry,20110225,
3372,TPEx,active,registry,20051216,
3373,TPEx,active,registry,20071213,
3374,TPEx,active,registry,20150330,
3379,TPEx,active,registry,20111020,
3388,TPEx,active,registry,20060222,
3390,TPEx,active,registry,20060222,
3402,TPEx,active,registry,20070109,
3430,TPEx,active,registry,20220908,
3434,TPEx,active,registry,20080128,
3438,TPEx,active,registry,20060719,
3441,TPEx,active,registry,20101004,
3444,TPEx,active,registry,20080926,
3455,TPEx,active,registry,20071227,
3465,TPEx,active,registry,20080128,
3466,TPEx,active,registry,20060517,
3467,TPEx,active,registry,20250325,
3479,TPEx,active,registry,20100608,
3483,TPEx,active,registry,20061218,
3484,TPEx,active,registry,20071109,
3485,TPEx,active,registry,20260506,
3489,TPEx,active,registry,20070929,
3490,TPEx,active,registry,20071015,
3491,TPEx,active,registry,20080103,
3492,TPEx,active,registry,20150518,
3498,TPEx,active,registry,20070911,
3499,TPEx,active,registry,20061019,
3508,TPEx,active,registry,20071017,
3511,TPEx,active,registry,20090216,
3512,TPEx,active,registry,20070725,
3516,TPEx,active,registry,20071129,
3520,TPEx,active,registry,20071012,
3521,TPEx,active,registry,20070807,
3522,TPEx,active,registry,20071015,
3523,TPEx,active,registry,20071116,
3526,TPEx,active,registry,20071102,
3527,TPEx,active,registry,20071029,
3529,TPEx,active,registry,20110124,
3531,TPEx,active,registry,20080408,
3537,TPEx,active,registry,20100125,
3540,TPEx,active,registry,20071212,
3541,TPEx,active,registry,20091222,
3546,TPEx,active,registry,20080418,
3548,TPEx,active,registry,20080327,
3551,TPEx,active,registry,20080415,
3552,TPEx,active,registry,20090107,
3555,TPEx,active,registry,20111108,
3556,TPEx,active,registry,20080415,
3558,TPEx,active,registry,20131230,
3564,TPEx,active,registry,20131203,
3567,TPEx,active,registry,20101122,
3570,TPEx,active,registry,20081023,
3577,TPEx,active,registry,20090106,
3580,TPEx,active,registry,20100709,
3581,TPEx,active,registry,20150120,
3587,TPEx,active,registry,20090818,
3594,TPEx,active,registry,20130507,
3597,TPEx,active,registry,20200309,
3609,TPEx,active,registry,20110111,
3611,TPEx,active,registry,20081126,
3615,TPEx,active,registry,20090415,
3623,TPEx,active,registry,20100428,
3624,TPEx,active,registry,20110316,
3625,TPEx,active,registry,20091028,
3628,TPEx,active,registry,20100909,
3629,TPEx,active,registry,20100527,
3630,TPEx,active,registry,20100426,
3631,TPEx,active,registry,20101220,
3632,TPEx,active,registry,20110111,
3646,TPEx,active,registry,20120327,
3663,TPEx,active,registry,20121120,
3664,TPEx,active,registry,20100624,
3666,TPEx,active,registry,20141204,
3672,TPEx,active,registry,20150420,
3675,TPEx,active,registry,20120629,
3680,TPEx,active,registry,20110831,
3684,TPEx,active,registry,20140328,
3685,TPEx,active,registry,20101208,
3687,TPEx,active,registry,20110111,
3689,TPEx,active,registry,20121018,
3691,TPEx,active,registry,20101118,
3693,TPEx,active,registry,20131127,
3707,TPEx,active,registry,20141001,
3709,TPEx,active,registry,20170901,
3710,TPEx,active,registry,20171229,
3713,TPEx,active,registry,20200227,
4102,TPEx,active,registry,20010320,
4105,TPEx,active,registry,20010927,
4107,TPEx,active,registry,20020304,
4109,TPEx,active,registry,20020808,
4111,TPEx,active,registry,19990306,
4113,TPEx,active,registry,20030722,
4114,TPEx,active,registry,20030512,
4116,TPEx,active,registry,20151216,
4120,TPEx,active,registry,20031105,
4121,TPEx,active,registry,20030725,
4123,TPEx,active,registry,20031007,
4126,TPEx,active,registry,20040209,
4127,TPEx,active,registry,20050729,
4128,TPEx,active,registry,20060609,
4129,TPEx,active,registry,20040929,
4130,TPEx,active,registry,20120112,
4131,TPEx,active,registry,20040409,
4138,TPEx,active,registry,20101229,
4139,TPEx,active,registry,20110429,
4147,TPEx,active,registry,20151123,
4153,TPEx,active,registry,20130523,
4154,TPEx,active,registry,20111228,
4157,TPEx,active,registry,20140117,
4160,TPEx,active,registry,20120917,
4161,TPEx,active,registry,20130626,
4162,TPEx,active,registry,20120918,
4163,TPEx,active,registry,20121115,
4166,TPEx,active,registry,20250821,
4167,TPEx,active,registry,20150908,
4168,TPEx,active,registry,20121218,
4171,TPEx,active,registry,20140814,
4173,TPEx,active,registry,20131031,
4174,TPEx,active,registry,20150323,
4175,TPEx,active,registry,20140423,
4183,TPEx,active,registry,20170309,
4188,TPEx,active,registry,20150324,
4192,TPEx,active,registry,20141028,
4198,TPEx,active,registry,20141223,
4205,TPEx,active,registry,19990131,
4207,TPEx,active,registry,20000121,
4303,TPEx,active,registry,19990310,
4304,TPEx,active,registry,20000127,
4305,TPEx,active,registry,20000928,
4401,TPEx,active,registry,19960509,
4402,TPEx,active,registry,19970723,
4406,TPEx,active,registry,19990114,
4413,TPEx,active,registry,19990729,
4416,TPEx,active,registry,20000506,
4417,TPEx,active,registry,20001107,
4419,TPEx,active,registry,20010626,
4420,TPEx,active,registry,20020418,
4430,TPEx,active,registry,20110609,
4432,TPEx,active,registry,20121126,
4433,TPEx,active,registry,20141103,
4442,TPEx,active,registry,20231129,
4502,TPEx,active,registry,19951212,
4503,TPEx,active,registry,19961219,
4506,TPEx,active,registry,19971206,
4510,TPEx,active,registry,19980224,
4513,TPEx,active,registry,19980325,
4523,TPEx,active,registry,19991122,
4527,TPEx,active,registry,20000928,
4528,TPEx,active,registry,20010212,
4529,TPEx,active,registry,20010504,
4530,TPEx,active,registry,20010430,
4533,TPEx,active,registry,20020426,
4534,TPEx,active,registry,20030331,
4535,TPEx,active,registry,20030416,
4538,TPEx,active,registry,20190115,
4541,TPEx,active,registry,20140722,
4542,TPEx,active,registry,20140825,
4543,TPEx,active,registry,20160315,
4549,TPEx,active,registry,20141127,
4550,TPEx,active,registry,20150318,
4554,TPEx,active,registry,20160805,
4556,TPEx,active,registry,20151222,
4558,TPEx,active,registry,20220317,
4561,TPEx,active,registry,20180611,
4563,TPEx,active,registry,20180712,
4568,TPEx,active,registry,20181003,
4577,TPEx,active,registry,20220614,
4580,TPEx,active,registry,20200106,
4584,TPEx,active,registry,20221005,
4609,TPEx,active,registry,20000519,
4702,TPEx,active,registry,19950421,
4706,TPEx,active,registry,19980417,
4707,TPEx,active,registry,19980520,
4711,TPEx,active,registry,19990224,
4714,TPEx,active,registry,20000327,
4716,TPEx,active,registry,20000327,
4721,TPEx,active,registry,20010309,
4726,TPEx,active,registry,20131225,
4728,TPEx,active,registry,20120110,
4729,TPEx,active,registry,20090224,
4735,TPEx,active,registry,20110816,
4741,TPEx,active,registry,20170926,
4743,TPEx,active,registry,20110923,
4744,TPEx,active,registry,20180712,
4745,TPEx,active,registry,20130130,
4747,TPEx,active,registry,20131225,
4749,TPEx,active,registry,20250117,
4754,TPEx,active,registry,20160928,
4760,TPEx,active,registry,20190321,
4767,TPEx,active,registry,20181029,
4768,TPEx,active,registry,20220413,
4772,TPEx,active,registry,20240920,
4804,TPEx,active,registry,20151204,
4806,TPEx,active,registry,20160309,
4903,TPEx,active,registry,20010514,
4905,TPEx,active,registry,20011207,
4907,TPEx,active,registry,20020304,
4908,TPEx,active,registry,20020227,
4909,TPEx,active,registry,20021128,
4911,TPEx,active,registry,20110321,
4923,TPEx,active,registry,20220314,
4924,TPEx,active,registry,20111018,
4931,TPEx,active,registry,20190917,
4933,TPEx,active,registry,20110729,
4939,TPEx,active,registry,20110919,
4946,TPEx,active,registry,20110610,
4950,TPEx,active,registry,20120427,
4951,TPEx,active,registry,20221103,
4953,TPEx,active,registry,20140108,
4966,TPEx,active,registry,20110913,
4971,TPEx,active,registry,20130724,
4972,TPEx,active,registry,20130617,
4973,TPEx,active,registry,20120619,
4974,TPEx,active,registry,20111129,
4979,TPEx,active,registry,20111212,
4991,TPEx,active,registry,20140915,
4995,TPEx,active,registry,20120509,
5009,TPEx,active,registry,19981017,
5011,TPEx,active,registry,19990506,
5013,TPEx,active,registry,20000508,
5014,TPEx,active,registry,20010215,
5015,TPEx,active,registry,20001215,
5016,TPEx,active,registry,20010305,
5201,TPEx,active,registry,20001012,
5202,TPEx,active,registry,20001018,
5205,TPEx,active,registry,20010514,
5206,TPEx,active,registry,20011008,
5209,TPEx,active,registry,20020225,
5210,TPEx,active,registry,20020425,
5211,TPEx,active,registry,20021223,
5212,TPEx,active,registry,20030324,
5213,TPEx,active,registry,20030424,
5220,TPEx,active,registry,20180426,
5223,TPEx,active,registry,20180702,
5227,TPEx,active,registry,20131209,
5228,TPEx,active,registry,20220520,
5230,TPEx,active,registry,20120605,
5236,TPEx,active,registry,20210729,
5245,TPEx,active,registry,20150525,
5251,TPEx,active,registry,20121126,
5263,TPEx,active,registry,20121218,
5272,TPEx,active,registry,20130530,
5274,TPEx,active,registry,20130430,
5276,TPEx,active,registry,20140612,
5278,TPEx,active,registry,20130604,
5287,TPEx,active,registry,20140120,
5289,TPEx,active,registry,20131127,
5291,TPEx,active,registry,20141223,
5299,TPEx,active,registry,20180123,
5301,TPEx,active,registry,19900625,
5302,TPEx,active,registry,19910117,
5309,TPEx,active,registry,19960318,
5310,TPEx,active,registry,19960409,
5312,TPEx,active,registry,19960525,
5314,TPEx,active,registry,19960916,
5315,TPEx,active,registry,19961102,
5321,TPEx,active,registry,19961230,
5324,TPEx,active,registry,19970130,
5328,TPEx,active,registry,19970828,
5340,TPEx,active,registry,19980120,
5344,TPEx,active,registry,19980323,
5345,TPEx,active,registry,19980323,
5347,TPEx,active,registry,19980325,
5348,TPEx,active,registry,19980429,
5351,TPEx,active,registry,19980515,
5353,TPEx,active,registry,19980518,
5355,TPEx,active,registry,19980623,
5356,TPEx,active,registry,19980720,
5364,TPEx,active,registry,19981207,
5371,TPEx,active,registry,19990120,
5381,TPEx,active,registry,19990319,
5386,TPEx,active,registry,19990513,
5392,TPEx,active,registry,19990614,
5398,TPEx,active,registry,19991011,
5403,TPEx,active,registry,19991015,
5410,TPEx,active,registry,19991126,
5425,TPEx,active,registry,20000221,
5426,TPEx,active,registry,20000209,
5432,TPEx,active,registry,20000321,
5438,TPEx,active,registry,20000617,
5439,TPEx,active,registry,20000626,
5443,TPEx,active,registry,19980209,
5450,TPEx,active,registry,20000822,
5452,TPEx,active,registry,20001002,
5455,TPEx,active,registry,20001019,
5457,TPEx,active,registry,20000929,
5460,TPEx,active,registry,20000928,
5464,TPEx,active,registry,20001108,
5465,TPEx,active,registry,20001108,
5468,TPEx,active,registry,20010117,
5474,TPEx,active,registry,20010320,
5475,TPEx,active,registry,20010116,
5478,TPEx,active,registry,20010329,
5481,TPEx,active,registry,20010427,
5483,TPEx,active,registry,20010302,
5487,TPEx,active,registry,20010220,
5488,TPEx,active,registry,20010312,
5489,TPEx,active,registry,20010312,
5490,TPEx,active,registry,20010514,
5493,TPEx,active,registry,20010503,
5498,TPEx,active,registry,20010329,
5508,TPEx,active,registry,19980513,
5511,TPEx,active,registry,19981209,
5512,TPEx,active,registry,19981204,
5514,TPEx,active,registry,19981229,
5516,TPEx,active,registry,19990323,
5520,TPEx,active,registry,19991027,
5523,TPEx,active,registry,19991227,
5529,TPEx,active,registry,19960112,
5530,TPEx,active,registry,20001004,
5536,TPEx,active,registry,20101110,
5543,TPEx,active,registry,20160509,
5547,TPEx,active,registry,20260203,
5548,TPEx,active,registry,20240318,
5601,TPEx,active,registry,19941124,
5603,TPEx,active,registry,19970125,
5604,TPEx,active,registry,19970522,
5609,TPEx,active,registry,20011015,
5701,TPEx,active,registry,19980312,
5703,TPEx,active,registry,19990615,
5704,TPEx,active,registry,19991221,
5864,TPEx,active,registry,20180402,
5878,TPEx,active,registry,20141028,
5902,TPEx,active,registry,19980207,
5903,TPEx,active,registry,20020225,
5904,TPEx,active,registry,20020906,
5905,TPEx,active,registry,20030617,
6015,TPEx,active,registry,19960725,
6016,TPEx,active,registry,19961204,
6020,TPEx,active,registry,20030123,
6021,TPEx,active,registry,20030421,
6023,TPEx,active,registry,20071128,
6026,TPEx,active,registry,20160127,
6028,TPEx,active,registry,20260330,
6101,TPEx,active,registry,20010329,
6103,TPEx,active,registry,20010507,
6104,TPEx,active,registry,20010522,
6109,TPEx,active,registry,20010726,
6111,TPEx,active,registry,20010808,
6113,TPEx,active,registry,20010810,
6114,TPEx,active,registry,20010927,
6118,TPEx,active,registry,20011025,
6121,TPEx,active,registry,20011127,
6122,TPEx,active,registry,20000714,
6123,TPEx,active,registry,20020123,
6124,TPEx,active,registry,20020319,
6125,TPEx,active,registry,20020123,
6126,TPEx,active,registry,20020118,
6127,TPEx,active,registry,20020110,
6129,TPEx,active,registry,20011225,
6130,TPEx,active,registry,20020326,
6134,TPEx,active,registry,20020108,
6138,TPEx,active,registry,20020118,
6140,TPEx,active,registry,20020204,
6143,TPEx,active,registry,20020128,
6144,TPEx,active,registry,20020123,
6146,TPEx,active,registry,20020123,
6147,TPEx,active,registry,20020131,
6148,TPEx,active,registry,20020201,
6150,TPEx,active,registry,20020311,
6151,TPEx,active,registry,20020225,
6154,TPEx,active,registry,20020218,
6156,TPEx,active,registry,20020219,
6158,TPEx,active,registry,20020219,
6160,TPEx,active,registry,20020301,
6161,TPEx,active,registry,20020301,
6163,TPEx,active,registry,20020319,
6167,TPEx,active,registry,20020326,
6169,TPEx,active,registry,20020322,
6170,TPEx,active,registry,20020416,
6171,TPEx,active,registry,20020422,
6173,TPEx,active,registry,20020419,
6174,TPEx,active,registry,20020502,
6175,TPEx,active,registry,20020610,
6179,TPEx,active,registry,20020517,
6180,TPEx,active,registry,20020521,
6182,TPEx,active,registry,20020516,
6185,TPEx,active,registry,20020809,
6186,TPEx,active,registry,20020802,
6187,TPEx,active,registry,20020927,
6188,TPEx,active,registry,20020827,
6190,TPEx,active,registry,19980204,
6194,TPEx,active,registry,20021205,
6195,TPEx,active,registry,20021021,
6198,TPEx,active,registry,20021226,
6199,TPEx,active,registry,20161007,
6203,TPEx,active,registry,20021226,
6204,TPEx,active,registry,20021113,
6207,TPEx,active,registry,20021223,
6208,TPEx,active,registry,20021223,
6210,TPEx,active,registry,20030214,
6212,TPEx,active,registry,20021226,
6217,TPEx,active,registry,20030109,
6218,TPEx,active,registry,20030114,
6219,TPEx,active,registry,20030226,
6220,TPEx,active,registry,20030109,
6221,TPEx,active,registry,20030106,
6222,TPEx,active,registry,20030109,
6223,TPEx,active,registry,20030106,
6227,TPEx,active,registry,20030114,
6228,TPEx,active,registry,20030121,
6229,TPEx,active,registry,20030114,
6231,TPEx,active,registry,20030123,
6233,TPEx,active,registry,20030220,
6234,TPEx,active,registry,20030312,
6236,TPEx,active,registry,20030331,
6237,TPEx,active,registry,20030421,
6240,TPEx,active,registry,20030530,
6241,TPEx,active,registry,20030408,
6242,TPEx,active,registry,20030423,
6244,TPEx,active,registry,20030515,
6245,TPEx,active,registry,20030519,
6246,TPEx,active,registry,20030618,
6248,TPEx,active,registry,20030903,
6259,TPEx,active,registry,20030917,
6261,TPEx,active,registry,20040329,
6263,TPEx,active,registry,20030917,
6264,TPEx,active,registry,20040224,
6265,TPEx,active,registry,20031024,
6266,TPEx,active,registry,20040429,
6270,TPEx,active,registry,20030917,
6274,TPEx,active,registry,20031218,
6275,TPEx,active,registry,20041223,
6276,TPEx,active,registry,20031030,
6279,TPEx,active,registry,20031126,
6284,TPEx,active,registry,20040629,
6290,TPEx,active,registry,20050603,
6291,TPEx,active,registry,20040128,
6292,TPEx,active,registry,20031126,
6294,TPEx,active,registry,20040113,
6411,TPEx,active,registry,20140311,
6417,TPEx,active,registry,20151008,
6418,TPEx,active,registry,20190218,
6419,TPEx,active,registry,20141229,
6423,TPEx,active,registry,20260122,
6425,TPEx,active,registry,20190118,
6432,TPEx,active,registry,20150520,
6435,TPEx,active,registry,20160107,
6441,TPEx,active,registry,20170927,
6461,TPEx,active,registry,20180328,
6462,TPEx,active,registry,20151223,
6465,TPEx,active,registry,20151120,
6469,TPEx,active,registry,20160330,
6470,TPEx,active,registry,20151103,
6474,TPEx,active,registry,20251125,
6482,TPEx,active,registry,20160613,
6485,TPEx,active,registry,20151117,
6486,TPEx,active,registry,20160913,
6488,TPEx,active,registry,20150925,
6492,TPEx,active,registry,20170424,
6494,TPEx,active,registry,20160509,
6496,TPEx,active,registry,20160107,
6498,TPEx,active,registry,20250520,
6499,TPEx,active,registry,20160727,
6506,TPEx,active,registry,20110503,
6508,TPEx,active,registry,20040322,
6509,TPEx,active,registry,20040412,
6510,TPEx,active,registry,20160324,
6512,TPEx,active,registry,20160325,
6516,TPEx,active,registry,20190506,
6517,TPEx,active,registry,20221215,
6523,TPEx,active,registry,20160616,
6527,TPEx,active,registry,20191225,
6530,TPEx,active,registry,20180123,
6532,TPEx,active,registry,20160926,
6535,TPEx,active,registry,20160926,
6538,TPEx,active,registry,20161021,
6542,TPEx,active,registry,20160908,
6546,TPEx,active,registry,20220524,
6547,TPEx,active,registry,20180417,
6548,TPEx,active,registry,20160913,
6556,TPEx,active,registry,20171031,
6560,TPEx,active,registry,20170124,
6561,TPEx,active,registry,20180605,
6568,TPEx,active,registry,20161228,
6569,TPEx,active,registry,20161221,
6570,TPEx,active,registry,20171211,
6574,TPEx,active,registry,20170904,
6576,TPEx,active,registry,20180629,
6577,TPEx,active,registry,20170321,
6578,TPEx,active,registry,20180918,
6584,TPEx,active,registry,20230518,
6588,TPEx,active,registry,20200701,
6590,TPEx,active,registry,20181224,
6593,TPEx,active,registry,20171103,
6596,TPEx,active,registry,20180104,
6597,TPEx,active,registry,20250508,
6603,TPEx,active,registry,20040405,
6609,TPEx,active,registry,20030923,
6612,TPEx,active,registry,20180718,
6613,TPEx,active,registry,20171228,
6615,TPEx,active,registry,20180122,
6616,TPEx,active,registry,20180110,
6617,TPEx,active,registry,20240618,
6620,TPEx,active,registry,20251223,
6624,TPEx,active,registry,20190528,
6629,TPEx,active,registry,20190606,
6637,TPEx,active,registry,20240618,
6640,TPEx,active,registry,20181023,
6642,TPEx,active,registry,20190923,
6643,TPEx,active,registry,20190123,
6649,TPEx,active,registry,20190605,
6651,TPEx,active,registry,20210201,
6654,TPEx,active,registry,20181023,
6661,TPEx,active,registry,20210127,
6662,TPEx,active,registry,20190326,
6664,TPEx,active,registry,20180912,
6667,TPEx,active,registry,20181113,
6679,TPEx,active,registry,20190509,
6680,TPEx,active,registry,20190916,
6683,TPEx,active,registry,20190423,
6684,TPEx,active,registry,20210811,
6690,TPEx,active,registry,20191030,
6692,TPEx,active,registry,20240202,
6693,TPEx,active,registry,20220301,
6697,TPEx,active,registry,20191226,
6703,TPEx,active,registry,20201020,
6708,TPEx,active,registry,20221229,
6712,TPEx,active,registry,20210108,
6716,TPEx,active,registry,20200327,
6720,TPEx,active,registry,20241204,
6721,TPEx,active,registry,20220429,
6725,TPEx,active,registry,20251230,
6727,TPEx,active,registry,20201201,
6728,TPEx,active,registry,20201225,
6730,TPEx,active,registry,20251210,
6732,TPEx,active,registry,20200608,
6733,TPEx,active,registry,20210128,
6735,TPEx,active,registry,20220429,
6739,TPEx,active,registry,20240902,
6741,TPEx,active,registry,20210525,
6751,TPEx,active,registry,20201225,
6752,TPEx,active,registry,20201210,
6761,TPEx,active,registry,20211108,
6762,TPEx,active,registry,20201218,
6763,TPEx,active,registry,20220315,
6767,TPEx,active,registry,20210125,
6785,TPEx,active,registry,20240124,
6788,TPEx,active,registry,20210929,
6791,TPEx,active,registry,20221114,
6803,TPEx,active,registry,20100527,
6804,TPEx,active,registry,20220331,
6811,TPEx,active,registry,20220809,
6821,TPEx,active,registry,20230522,
6823,TPEx,active,registry,20220630,
6829,TPEx,active,registry,20220311,
6840,TPEx,active,registry,20230324,
6841,TPEx,active,registry,20230301,
6843,TPEx,active,registry,20221121,
6844,TPEx,active,registry,20240308,
6846,TPEx,active,registry,20230515,
6855,TPEx,active,registry,20221006,
6856,TPEx,active,registry,20231027,
6859,TPEx,active,registry,20221128,
6865,TPEx,active,registry,20230111,
6870,TPEx,active,registry,20230914,
6872,TPEx,active,registry,20250307,
6874,TPEx,active,registry,20221214,
6875,TPEx,active,registry,20240326,
6877,TPEx,active,registry,20230616,
6881,TPEx,active,registry,20240521,
6884,TPEx,active,registry,20251217,
6894,TPEx,active,registry,20231129,
6895,TPEx,active,registry,20230822,
6899,TPEx,active,registry,20240408,
6903,TPEx,active,registry,20240612,
6904,TPEx,active,registry,20231205,
6907,TPEx,active,registry,20260129,
6910,TPEx,active,registry,20251211,
6913,TPEx,active,registry,20241001,
6922,TPEx,active,registry,20231109,
6925,TPEx,active,registry,20250528,
6929,TPEx,active,registry,20240328,
6945,TPEx,active,registry,20260605,
6953,TPEx,active,registry,20240513,
6961,TPEx,active,registry,20260122,
6967,TPEx,active,registry,20240925,
6968,TPEx,active,registry,20240814,
6971,TPEx,active,registry,20251002,
6982,TPEx,active,registry,20241218,
6983,TPEx,active,registry,20260525,
6986,TPEx,active,registry,20260626,
6996,TPEx,active,registry,20241210,
6997,TPEx,active,registry,20241216,
7402,TPEx,active,registry,20151229,
7547,TPEx,active,registry,20250729,
7556,TPEx,active,registry,20201030,
7584,TPEx,active,registry,20240725,
7642,TPEx,active,registry,20250522,
7703,TPEx,active,registry,20241113,
7704,TPEx,active,registry,20241216,
7708,TPEx,active,registry,20241115,
7709,TPEx,active,registry,20250225,
7712,TPEx,active,registry,20241226,
7713,TPEx,active,registry,20250224,
7714,TPEx,active,registry,20250115,
7715,TPEx,active,registry,20250115,
7716,TPEx,active,registry,20251028,
7717,TPEx,active,registry,20251117,
7718,TPEx,active,registry,20250318,
7723,TPEx,active,registry,20250430,
7728,TPEx,active,registry,20250306,
7734,TPEx,active,registry,20250226,
7738,TPEx,active,registry,20251016,
7743,TPEx,active,registry,20250520,
7744,TPEx,active,registry,20251127,
7747,TPEx,active,registry,20250711,
7751,TPEx,active,registry,20250826,
7753,TPEx,active,registry,20250811,
7757,TPEx,active,registry,20251020,
7767,TPEx,active,registry,20251210,
7770,TPEx,active,registry,20251210,
7772,TPEx,active,registry,20260508,
7777,TPEx,active,registry,20251222,
7782,TPEx,active,registry,20251028,
7792,TPEx,active,registry,20260128,
7794,TPEx,active,registry,20260420,
7805,TPEx,active,registry,20251222,
7810,TPEx,active,registry,20251223,
7811,TPEx,active,registry,20260325,
7819,TPEx,active,registry,20260527,
7820,TPEx,active,registry,20260427,
7828,TPEx,active,registry,20260422,
7839,TPEx,active,registry,20260615,
7842,TPEx,active,registry,20260511,
8024,TPEx,active,registry,20060925,
8027,TPEx,active,registry,20150609,
8032,TPEx,active,registry,20031002,
8034,TPEx,active,registry,20040506,
8038,TPEx,active,registry,20131121,
8040,TPEx,active,registry,20070430,
8042,TPEx,active,registry,20040322,
8043,TPEx,active,registry,20031024,
8044,TPEx,active,registry,20050124,
8047,TPEx,active,registry,20040209,
8048,TPEx,active,registry,20090908,
8049,TPEx,active,registry,20040202,
8050,TPEx,active,registry,20031024,
8054,TPEx,active,registry,20041108,
8059,TPEx,active,registry,20100316,
8064,TPEx,active,registry,20060925,
8066,TPEx,active,registry,20041224,
8067,TPEx,active,registry,20040423,
8068,TPEx,active,registry,20040325,
8069,TPEx,active,registry,20040330,
8071,TPEx,active,registry,20031229,
8074,TPEx,active,registry,20040127,
8076,TPEx,active,registry,20031215,
8077,TPEx,active,registry,20041206,
8080,TPEx,active,registry,20040510,
8083,TPEx,active,registry,20040923,
8084,TPEx,active,registry,20040308,
8085,TPEx,active,registry,20040301,
8086,TPEx,active,registry,20090601,
8087,TPEx,active,registry,20040225,
8088,TPEx,active,registry,20040227,
8089,TPEx,active,registry,20200923,
8091,TPEx,active,registry,20040624,
8092,TPEx,active,registry,20040202,
8093,TPEx,active,registry,20041231,
8096,TPEx,active,registry,20040715,
8097,TPEx,active,registry,20040301,
8099,TPEx,active,registry,20040329,
8102,TPEx,active,registry,20251222,
8107,TPEx,active,registry,20051115,
8109,TPEx,active,registry,20050322,
8111,TPEx,active,registry,20040209,
8121,TPEx,active,registry,20050217,
8147,TPEx,active,registry,20130430,
8155,TPEx,active,registry,20121218,
8171,TPEx,active,registry,20111219,
8176,TPEx,active,registry,20130625,
8182,TPEx,active,registry,20060525,
8183,TPEx,active,registry,20050330,
8227,TPEx,active,registry,20221220,
8234,TPEx,active,registry,20070607,
8240,TPEx,active,registry,20050623,
8255,TPEx,active,registry,20060425,
8272,TPEx,active,registry,20241023,
8277,TPEx,active,registry,20041227,
8279,TPEx,active,registry,20160926,
8284,TPEx,active,registry,20200518,
8289,TPEx,active,registry,20080424,
8291,TPEx,active,registry,20111129,
8299,TPEx,active,registry,20041206,
8342,TPEx,active,registry,20171123,
8349,TPEx,active,registry,20060310,
8354,TPEx,active,registry,20040415,
8358,TPEx,active,registry,20100927,
8383,TPEx,active,registry,20040910,
8390,TPEx,active,registry,20080521,
8401,TPEx,active,registry,20100329,
8403,TPEx,active,registry,20110301,
8409,TPEx,active,registry,20131125,
8410,TPEx,active,registry,20110223,
8415,TPEx,active,registry,20160907,
8416,TPEx,active,registry,20120919,
8421,TPEx,active,registry,20121123,
8423,TPEx,active,registry,20120314,
8424,TPEx,active,registry,20121218,
8426,TPEx,active,registry,20111213,
8431,TPEx,active,registry,20150330,
8432,TPEx,active,registry,20120430,
8433,TPEx,active,registry,20121219,
8435,TPEx,active,registry,20121228,
8436,TPEx,active,registry,20130912,
8437,TPEx,active,registry,20150506,
8440,TPEx,active,registry,20180328,
8444,TPEx,active,registry,20151027,
8446,TPEx,active,registry,20131219,
8450,TPEx,active,registry,20141007,
8455,TPEx,active,registry,20160108,
8472,TPEx,active,registry,20160111,
8477,TPEx,active,registry,20161031,
8489,TPEx,active,registry,20170427,
8905,TPEx,active,registry,19960131,
8906,TPEx,active,registry,19960423,
8908,TPEx,active,registry,19970214,
8916,TPEx,active,registry,19990420,
8917,TPEx,active,registry,19990506,
8921,TPEx,active,registry,20000321,
8923,TPEx,active,registry,19991227,
8924,TPEx,active,registry,20000209,
8927,TPEx,active,registry,20001102,
8928,TPEx,active,registry,20010202,
8929,TPEx,active,registry,20001130,
8930,TPEx,active,registry,20001206,
8931,TPEx,active,registry,20010510,
8932,TPEx,active,registry,20010329,
8933,TPEx,active,registry,20010328,
8935,TPEx,active,registry,20020326,
8936,TPEx,active,registry,20020909,
8937,TPEx,active,registry,20021029,
8938,TPEx,active,registry,20021202,
8941,TPEx,active,registry,20030120,
8942,TPEx,active,registry,20030516,
9949,TPEx,active,registry,20031121,
9950,TPEx,active,registry,20040217,
9951,TPEx,active,registry,20031218,
9960,TPEx,active,registry,20041206,
9962,TPEx,active,registry,20060710,
1204,UNKNOWN,delisted,price_proxy,,2005-10-04
1230,UNKNOWN,delisted,price_proxy,,2001-11-01
1306,UNKNOWN,delisted,price_proxy,,2005-10-04
1408,UNKNOWN,delisted,price_proxy,,2006-06-26
1431,UNKNOWN,delisted,price_proxy,,2002-11-08
1458,UNKNOWN,delisted,price_proxy,,2004-04-28
1523,UNKNOWN,delisted,price_proxy,,2010-09-01
1601,UNKNOWN,delisted,price_proxy,,2007-10-15
1613,UNKNOWN,delisted,price_proxy,,2017-11-21
1729,UNKNOWN,delisted,price_proxy,,2018-01-02
1807,UNKNOWN,delisted,price_proxy,,2006-08-08
2005,UNKNOWN,delisted,price_proxy,,2003-01-08
2322,UNKNOWN,delisted,price_proxy,,2002-11-04
2335,UNKNOWN,delisted,price_proxy,,2006-07-12
2343,UNKNOWN,delisted,price_proxy,,2007-01-01
2358,UNKNOWN,delisted,price_proxy,,2024-11-19
2366,UNKNOWN,delisted,price_proxy,,2006-03-01
2378,UNKNOWN,delisted,price_proxy,,2006-07-12
2384,UNKNOWN,delisted,price_proxy,,2015-07-07
2407,UNKNOWN,delisted,price_proxy,,2006-05-10
2456,UNKNOWN,delisted,price_proxy,,2022-01-05
2469,UNKNOWN,delisted,price_proxy,,2007-07-30
2494,UNKNOWN,delisted,price_proxy,,2008-10-27
2517,UNKNOWN,delisted,price_proxy,,2003-01-22
2523,UNKNOWN,delisted,price_proxy,,2007-03-12
2544,UNKNOWN,delisted,price_proxy,,2005-03-21
2802,UNKNOWN,delisted,price_proxy,,2003-01-02
2806,UNKNOWN,delisted,price_proxy,,2002-12-31
2818,UNKNOWN,delisted,price_proxy,,2002-02-19
2819,UNKNOWN,delisted,price_proxy,,2002-12-31
2839,UNKNOWN,delisted,price_proxy,,2002-05-09
2840,UNKNOWN,delisted,price_proxy,,2002-01-28
2914,UNKNOWN,delisted,price_proxy,,2001-02-20
3009,UNKNOWN,delisted,price_proxy,,2010-03-18
3053,UNKNOWN,delisted,price_proxy,,2007-10-20
3080,UNKNOWN,delisted,price_proxy,,2013-02-01
3089,UNKNOWN,delisted,price_proxy,,2024-03-04
3383,UNKNOWN,delisted,price_proxy,,2022-09-26
3561,UNKNOWN,delisted,price_proxy,,2018-10-01
3584,UNKNOWN,delisted,price_proxy,,2016-08-03
3698,UNKNOWN,delisted,price_proxy,,2021-01-06
4725,UNKNOWN,delisted,price_proxy,,2021-01-18
4945,UNKNOWN,delisted,price_proxy,,2025-09-08
4987,UNKNOWN,delisted,price_proxy,,2026-05-29
5305,UNKNOWN,delisted,price_proxy,,2020-11-30
6131,UNKNOWN,delisted,price_proxy,,2021-07-05
6172,UNKNOWN,delisted,price_proxy,,2022-06-29
6255,UNKNOWN,delisted,price_proxy,,2010-09-15
6287,UNKNOWN,delisted,price_proxy,,2025-06-23
6289,UNKNOWN,delisted,price_proxy,,2022-09-26
6457,UNKNOWN,delisted,price_proxy,,2025-01-01
6806,UNKNOWN,delisted,price_proxy,,2026-06-23
8199,UNKNOWN,delisted,price_proxy,,2012-12-28
9101,UNKNOWN,delisted,price_proxy,,2008-07-14
911612,UNKNOWN,delisted,price_proxy,,2016-01-26
911626,UNKNOWN,delisted,price_proxy,,2016-11-01
912398,UNKNOWN,delisted,price_proxy,,2021-12-13
913889,UNKNOWN,delisted,price_proxy,,2015-12-29
1222,UNKNOWN,delisted,price_proxy,,2003-01-09
1226,UNKNOWN,delisted,price_proxy,,2002-09-16
1228,UNKNOWN,delisted,price_proxy,,2004-03-15
1450,UNKNOWN,delisted,price_proxy,,2005-07-05
1469,UNKNOWN,delisted,price_proxy,,2018-07-11
2016,UNKNOWN,delisted,price_proxy,,2002-04-17
2202,UNKNOWN,delisted,price_proxy,,2001-04-10
2306,UNKNOWN,delisted,price_proxy,,2002-03-21
2326,UNKNOWN,delisted,price_proxy,,2006-06-26
2333,UNKNOWN,delisted,price_proxy,,2007-06-20
2341,UNKNOWN,delisted,price_proxy,,2010-10-16
2361,UNKNOWN,delisted,price_proxy,,2015-12-28
2381,UNKNOWN,delisted,price_proxy,,2009-07-12
2398,UNKNOWN,delisted,price_proxy,,2004-09-08
2490,UNKNOWN,delisted,price_proxy,,2004-12-16
2519,UNKNOWN,delisted,price_proxy,,2001-05-15
2531,UNKNOWN,delisted,price_proxy,,2002-11-08
2533,UNKNOWN,delisted,price_proxy,,2006-02-07
2604,UNKNOWN,delisted,price_proxy,,2002-11-01
2821,UNKNOWN,delisted,price_proxy,,2002-02-04
2822,UNKNOWN,delisted,price_proxy,,2006-05-01
2823,UNKNOWN,delisted,price_proxy,,2021-12-30
2824,UNKNOWN,delisted,price_proxy,,2002-02-04
2825,UNKNOWN,delisted,price_proxy,,2006-09-14
2826,UNKNOWN,delisted,price_proxy,,2002-12-18
2830,UNKNOWN,delisted,price_proxy,,2002-12-23
2837,UNKNOWN,delisted,price_proxy,,2014-09-15
2844,UNKNOWN,delisted,price_proxy,,2002-02-18
2846,UNKNOWN,delisted,price_proxy,,2002-01-17
3020,UNKNOWN,delisted,price_proxy,,2008-01-10
3063,UNKNOWN,delisted,price_proxy,,2010-04-01
3214,UNKNOWN,delisted,price_proxy,,2007-03-01
3519,UNKNOWN,delisted,price_proxy,,2019-05-02
3536,UNKNOWN,delisted,price_proxy,,2023-06-26
3598,UNKNOWN,delisted,price_proxy,,2016-06-01
3682,UNKNOWN,delisted,price_proxy,,2023-12-15
4733,UNKNOWN,delisted,price_proxy,,2016-08-31
5280,UNKNOWN,delisted,price_proxy,,2015-01-02
6251,UNKNOWN,delisted,price_proxy,,2022-08-25
6747,UNKNOWN,delisted,price_proxy,,2025-12-04
8420,UNKNOWN,delisted,price_proxy,,2024-11-29
9102,UNKNOWN,delisted,price_proxy,,2011-01-17
910482,UNKNOWN,delisted,price_proxy,,2020-06-15
910579,UNKNOWN,delisted,price_proxy,,2013-07-30
910708,UNKNOWN,delisted,price_proxy,,2019-06-10
911610,UNKNOWN,delisted,price_proxy,,2014-01-28
1221,UNKNOWN,delisted,price_proxy,,2003-06-18
1317,UNKNOWN,delisted,price_proxy,,2001-11-30
1592,UNKNOWN,delisted,price_proxy,,2022-01-27
1602,UNKNOWN,delisted,price_proxy,,2004-04-28
1606,UNKNOWN,delisted,price_proxy,,2008-11-06
2310,UNKNOWN,delisted,price_proxy,,2002-11-04
2311,UNKNOWN,delisted,price_proxy,,2018-04-30
2315,UNKNOWN,delisted,price_proxy,,2013-09-12
2319,UNKNOWN,delisted,price_proxy,,2004-08-30
2391,UNKNOWN,delisted,price_proxy,,2010-08-16
2403,UNKNOWN,delisted,price_proxy,,2010-11-15
2445,UNKNOWN,delisted,price_proxy,,2003-06-18
2525,UNKNOWN,delisted,price_proxy,,2005-01-05
2805,UNKNOWN,delisted,price_proxy,,2001-12-31
2807,UNKNOWN,delisted,price_proxy,,2007-01-18
2810,UNKNOWN,delisted,price_proxy,,2002-01-17
2811,UNKNOWN,delisted,price_proxy,,2006-12-19
2813,UNKNOWN,delisted,price_proxy,,2002-03-26
2814,UNKNOWN,delisted,price_proxy,,2002-08-22
2815,UNKNOWN,delisted,price_proxy,,2002-05-17
2817,UNKNOWN,delisted,price_proxy,,2001-12-19
2833,UNKNOWN,delisted,price_proxy,,2015-10-15
2843,UNKNOWN,delisted,price_proxy,,2002-08-01
2856,UNKNOWN,delisted,price_proxy,,2018-10-01
2888,UNKNOWN,delisted,price_proxy,,2025-07-24
2936,UNKNOWN,delisted,price_proxy,,2022-06-27
3007,UNKNOWN,delisted,price_proxy,,2007-04-13
3039,UNKNOWN,delisted,price_proxy,,2005-11-13
3142,UNKNOWN,delisted,price_proxy,,2007-06-20
3202,UNKNOWN,delisted,price_proxy,,2025-07-21
3426,UNKNOWN,delisted,price_proxy,,2026-06-08
3454,UNKNOWN,delisted,price_proxy,,2026-03-27
3573,UNKNOWN,delisted,price_proxy,,2016-07-01
3697,UNKNOWN,delisted,price_proxy,,2014-02-01
4141,UNKNOWN,delisted,price_proxy,,2022-05-03
4144,UNKNOWN,delisted,price_proxy,,2020-10-30
4984,UNKNOWN,delisted,price_proxy,,2018-09-01
5264,UNKNOWN,delisted,price_proxy,,2021-01-15
6132,UNKNOWN,delisted,price_proxy,,2005-11-07
6145,UNKNOWN,delisted,price_proxy,,2018-10-01
6286,UNKNOWN,delisted,price_proxy,,2016-04-29
6288,UNKNOWN,delisted,price_proxy,,2025-08-15
6422,UNKNOWN,delisted,price_proxy,,2018-09-28
8480,UNKNOWN,delisted,price_proxy,,2022-12-21
9106,UNKNOWN,delisted,price_proxy,,2017-06-27
910801,UNKNOWN,delisted,price_proxy,,2017-12-13
911602,UNKNOWN,delisted,price_proxy,,2013-12-03
911611,UNKNOWN,delisted,price_proxy,,2016-11-29
911616,UNKNOWN,delisted,price_proxy,,2021-08-31
911619,UNKNOWN,delisted,price_proxy,,2019-08-19
916665,UNKNOWN,delisted,price_proxy,,2012-03-28
9913,UNKNOWN,delisted,price_proxy,,2002-01-17
9936,UNKNOWN,delisted,price_proxy,,2005-06-20
1107,UNKNOWN,delisted,price_proxy,,2007-10-20
1207,UNKNOWN,delisted,price_proxy,,2007-04-11
1214,UNKNOWN,delisted,price_proxy,,2002-01-17
1224,UNKNOWN,delisted,price_proxy,,2004-07-07
1311,UNKNOWN,delisted,price_proxy,,2008-04-23
1520,UNKNOWN,delisted,price_proxy,,2008-01-01
1534,UNKNOWN,delisted,price_proxy,,2004-12-16
1715,UNKNOWN,delisted,price_proxy,,2017-10-25
1724,UNKNOWN,delisted,price_proxy,,2021-11-01
1902,UNKNOWN,delisted,price_proxy,,2020-06-01
2304,UNKNOWN,delisted,price_proxy,,2002-11-08
2318,UNKNOWN,delisted,price_proxy,,2005-07-05
2350,UNKNOWN,delisted,price_proxy,,2010-06-17
2386,UNKNOWN,delisted,price_proxy,,2004-04-01
2389,UNKNOWN,delisted,price_proxy,,2005-10-30
2394,UNKNOWN,delisted,price_proxy,,2006-12-01
2396,UNKNOWN,delisted,price_proxy,,2009-04-08
2410,UNKNOWN,delisted,price_proxy,,2007-03-19
2422,UNKNOWN,delisted,price_proxy,,2005-12-30
2443,UNKNOWN,delisted,price_proxy,,2024-11-19
2446,UNKNOWN,delisted,price_proxy,,2009-12-01
2448,UNKNOWN,delisted,price_proxy,,2021-01-06
2512,UNKNOWN,delisted,price_proxy,,2003-11-12
2521,UNKNOWN,delisted,price_proxy,,2003-06-03
2526,UNKNOWN,delisted,price_proxy,,2010-04-08
2809,UNKNOWN,delisted,price_proxy,,2025-10-01
2827,UNKNOWN,delisted,price_proxy,,2007-04-30
2828,UNKNOWN,delisted,price_proxy,,2003-09-30
2829,UNKNOWN,delisted,price_proxy,,2002-02-18
2831,UNKNOWN,delisted,price_proxy,,2007-06-20
2835,UNKNOWN,delisted,price_proxy,,2002-04-22
2841,UNKNOWN,delisted,price_proxy,,2022-08-04
2848,UNKNOWN,delisted,price_proxy,,2003-08-15
2854,UNKNOWN,delisted,price_proxy,,2011-10-03
3001,UNKNOWN,delisted,price_proxy,,2004-11-15
3012,UNKNOWN,delisted,price_proxy,,2006-10-01
3534,UNKNOWN,delisted,price_proxy,,2011-10-01
3579,UNKNOWN,delisted,price_proxy,,2019-06-26
3599,UNKNOWN,delisted,price_proxy,,2013-05-31
4712,UNKNOWN,delisted,price_proxy,,2024-09-25
5259,UNKNOWN,delisted,price_proxy,,2020-01-09
5854,UNKNOWN,delisted,price_proxy,,2011-12-01
6004,UNKNOWN,delisted,price_proxy,,2007-04-02
6280,UNKNOWN,delisted,price_proxy,,2007-08-21
6514,UNKNOWN,delisted,price_proxy,,2024-10-18
8078,UNKNOWN,delisted,price_proxy,,2014-02-27
8418,UNKNOWN,delisted,price_proxy,,2024-01-31
9151,UNKNOWN,delisted,price_proxy,,2013-10-15
9157,UNKNOWN,delisted,price_proxy,,2019-11-12
9801,UNKNOWN,delisted,price_proxy,,2007-04-11
9922,UNKNOWN,delisted,price_proxy,,2010-06-21
1212,UNKNOWN,delisted,price_proxy,,2005-10-28
1262,UNKNOWN,delisted,price_proxy,,2019-10-14
1407,UNKNOWN,delisted,price_proxy,,2003-11-10
1422,UNKNOWN,delisted,price_proxy,,2003-05-06
1462,UNKNOWN,delisted,price_proxy,,2005-07-05
1505,UNKNOWN,delisted,price_proxy,,2001-01-20
1507,UNKNOWN,delisted,price_proxy,,2022-04-21
1509,UNKNOWN,delisted,price_proxy,,2001-07-02
1510,UNKNOWN,delisted,price_proxy,,2003-09-30
1701,UNKNOWN,delisted,price_proxy,,2024-09-02
1704,UNKNOWN,delisted,price_proxy,,2019-01-30
1716,UNKNOWN,delisted,price_proxy,,2011-01-03
2011,UNKNOWN,delisted,price_proxy,,2001-01-20
2019,UNKNOWN,delisted,price_proxy,,2001-01-20
2325,UNKNOWN,delisted,price_proxy,,2018-04-30
2334,UNKNOWN,delisted,price_proxy,,2001-01-20
2336,UNKNOWN,delisted,price_proxy,,2007-12-28
2370,UNKNOWN,delisted,price_proxy,,2005-09-01
2411,UNKNOWN,delisted,price_proxy,,2008-10-31
2416,UNKNOWN,delisted,price_proxy,,2005-11-09
2418,UNKNOWN,delisted,price_proxy,,2008-01-14
2435,UNKNOWN,delisted,price_proxy,,2005-05-03
2437,UNKNOWN,delisted,price_proxy,,2017-06-30
2447,UNKNOWN,delisted,price_proxy,,2008-01-31
2452,UNKNOWN,delisted,price_proxy,,2010-03-31
2463,UNKNOWN,delisted,price_proxy,,2011-06-01
2470,UNKNOWN,delisted,price_proxy,,2005-11-09
2473,UNKNOWN,delisted,price_proxy,,2012-11-30
2475,UNKNOWN,delisted,price_proxy,,2019-05-13
2479,UNKNOWN,delisted,price_proxy,,2007-12-24
2487,UNKNOWN,delisted,price_proxy,,2006-10-24
2499,UNKNOWN,delisted,price_proxy,,2020-11-10
2518,UNKNOWN,delisted,price_proxy,,2003-04-23
2522,UNKNOWN,delisted,price_proxy,,2001-08-24
2803,UNKNOWN,delisted,price_proxy,,2001-12-19
2804,UNKNOWN,delisted,price_proxy,,2001-12-31
2808,UNKNOWN,delisted,price_proxy,,2005-12-26
2842,UNKNOWN,delisted,price_proxy,,2001-12-19
2847,UNKNOWN,delisted,price_proxy,,2016-03-22
2902,UNKNOWN,delisted,price_proxy,,2005-06-13
3061,UNKNOWN,delisted,price_proxy,,2014-12-30
3271,UNKNOWN,delisted,price_proxy,,2008-06-30
3315,UNKNOWN,delisted,price_proxy,,2017-10-01
3367,UNKNOWN,delisted,price_proxy,,2011-10-07
3474,UNKNOWN,delisted,price_proxy,,2016-12-06
3514,UNKNOWN,delisted,price_proxy,,2018-10-01
3559,UNKNOWN,delisted,price_proxy,,2017-08-30
3614,UNKNOWN,delisted,price_proxy,,2010-10-01
3638,UNKNOWN,delisted,price_proxy,,2014-09-10
5383,UNKNOWN,delisted,price_proxy,,2024-05-31
6012,UNKNOWN,delisted,price_proxy,,2011-05-02
6119,UNKNOWN,delisted,price_proxy,,2012-03-01
6404,UNKNOWN,delisted,price_proxy,,2024-07-02
6452,UNKNOWN,delisted,price_proxy,,2021-04-01
6702,UNKNOWN,delisted,price_proxy,,2017-02-02
8008,UNKNOWN,delisted,price_proxy,,2013-07-12
8427,UNKNOWN,delisted,price_proxy,,2022-03-03
8497,UNKNOWN,delisted,price_proxy,,2020-10-30
910069,UNKNOWN,delisted,price_proxy,,2015-05-13
9104,UNKNOWN,delisted,price_proxy,,2012-08-28
910948,UNKNOWN,delisted,price_proxy,,2015-03-01
911201,UNKNOWN,delisted,price_proxy,,2014-12-30
911606,UNKNOWN,delisted,price_proxy,,2012-11-06
911609,UNKNOWN,delisted,price_proxy,,2015-06-17
9188,UNKNOWN,delisted,price_proxy,,2022-03-18
9915,UNKNOWN,delisted,price_proxy,,2008-03-01
9932,UNKNOWN,delisted,price_proxy,,2002-04-17
