date,ic
2024-07-01,
2024-07-02,
2024-07-03,
2024-07-04,
2024-07-05,
2024-07-08,
2024-07-09,
2024-07-10,
2024-07-11,
2024-07-12,
2024-07-15,
2024-07-16,
2024-07-17,
2024-07-18,
2024-07-19,
2024-07-22,
2024-07-23,
2024-07-26,
2024-07-29,
2024-07-30,
2024-07-31,
2024-08-01,
2024-08-02,
2024-08-05,
2024-08-06,
2024-08-07,
2024-08-08,
2024-08-09,
2024-08-12,
2024-08-13,
2024-08-14,
2024-08-15,
2024-08-16,
2024-08-19,
2024-08-20,
2024-08-21,
2024-08-22,
2024-08-23,
2024-08-26,
2024-08-27,
2024-08-28,
2024-08-29,
2024-08-30,
2024-09-02,
2024-09-03,0.08275258304400733
2024-09-04,0.08376176102434972
2024-09-05,0.08359692367834876
2024-09-06,0.08531878961336332
2024-09-09,0.07909024386654384
2024-09-10,0.07756318088597167
2024-09-11,0.07529001521846725
2024-09-12,0.07762548980806502
2024-09-13,0.08415469696994597
2024-09-16,0.0769894549172107
2024-09-18,0.07549098900111256
2024-09-19,0.07373819258635579
2024-09-20,0.07553209089463839
2024-09-23,0.07665809512291105
2024-09-24,0.0751878854473394
2024-09-25,0.0762836935990474
2024-09-26,0.07510635085667819
2024-09-27,0.06895428260793147
2024-09-30,0.06607768124602618
2024-10-01,0.06658637092606368
2024-10-04,0.06608354021361046
2024-10-07,0.06572763899664162
2024-10-08,0.0635976416456778
2024-10-09,0.06467565810830668
2024-10-11,0.06562221371830339
2024-10-14,0.06740469864323313
2024-10-15,0.06549019507582263
2024-10-16,0.06904306068042848
2024-10-17,0.07057195843484826
2024-10-18,0.07310356932715822
2024-10-21,0.06949029631979271
2024-10-22,0.06761364756209806
2024-10-23,0.06920721576003482
2024-10-24,0.07069947133266644
2024-10-25,0.07305343581030391
2024-10-28,0.06932454157215891
2024-10-29,0.07244574698829294
2024-10-30,0.07270476805172443
2024-11-01,0.07654965045614613
2024-11-04,0.07505805726813626
2024-11-05,0.07552803309322831
2024-11-06,0.07342754380588556
2024-11-07,0.07010691274809416
2024-11-08,0.06873128442877785
2024-11-11,0.065892038708973
2024-11-12,0.0658337744933591
2024-11-13,0.0648307065995349
2024-11-14,0.06518791121275021
2024-11-15,0.05975427109003445
2024-11-18,0.05450466275699972
2024-11-19,0.05332659152850832
2024-11-20,0.05425174838869608
2024-11-21,0.05324594091179209
2024-11-22,0.05583364265915771
2024-11-25,0.054363218815813893
2024-11-26,0.052316125962429696
2024-11-27,0.05478858161135593
2024-11-28,0.057679337913876944
2024-11-29,0.05546085051891896
2024-12-02,0.05306192120838861
2024-12-03,0.04806472232883678
2024-12-04,0.04653934650117611
2024-12-05,0.05033552264878238
2024-12-06,0.047393501776421515
2024-12-09,0.05003489997435291
2024-12-10,0.05253296586737678
2024-12-11,0.04941700932563343
2024-12-12,0.05048410282970171
2024-12-13,0.05094061855315727
2024-12-16,0.05140481537274252
2024-12-17,0.05375395708015556
2024-12-18,0.05639928187674086
2024-12-19,0.06135867375143017
2024-12-20,0.06861277539208643
2024-12-23,0.0699903931058386
2024-12-24,0.06677626067407033
2024-12-25,0.07176710302146985
2024-12-26,0.07052037131963641
2024-12-27,0.06974670781427285
2024-12-30,0.07045858479123496
2024-12-31,0.06988389574728583
2025-01-02,0.07045242803190657
2025-01-03,0.06989536051180335
2025-01-06,0.07226965612138471
2025-01-07,0.07052221361860636
2025-01-08,0.06571602447628276
2025-01-09,0.06157997005451406
2025-01-10,0.06471139081294833
2025-01-13,0.06428368610150818
2025-01-14,0.06171301000221507
2025-01-15,0.06314398239117065
2025-01-16,0.06278710872620714
2025-01-17,0.060237822344987986
2025-01-20,0.056851356759157826
2025-01-21,0.06177551930347093
2025-01-22,0.06212236092488891
2025-02-03,0.060965641802234176
2025-02-04,0.05744303776814434
2025-02-05,0.049373676690379904
2025-02-06,0.05188676266397164
2025-02-07,0.05154102436865351
2025-02-10,0.05057157596686142
2025-02-11,0.045648006539090305
2025-02-12,0.04518926257020662
2025-02-13,0.04790241294674799
2025-02-14,0.046762233760595615
2025-02-17,0.045613935629829606
2025-02-18,0.045170106451640456
2025-02-19,0.04747772610562233
2025-02-20,0.04972873353926114
2025-02-21,0.049416599644961666
2025-02-24,0.04791625481514407
2025-02-25,0.048895928803011746
2025-02-26,0.047575405408553255
2025-02-27,0.043580679640891656
2025-03-03,0.043103688844573135
2025-03-04,0.0443991714629099
2025-03-05,0.040177749560815726
2025-03-06,0.03726558146737172
2025-03-07,0.033930369446983646
2025-03-10,0.0334267541059891
2025-03-11,0.03522164847505206
2025-03-12,0.03120806111566304
2025-03-13,0.030592249133479823
2025-03-14,0.025211963685967485
2025-03-17,0.02966619938722822
2025-03-18,0.0265462255820739
2025-03-19,0.02706967250681384
2025-03-20,0.02100274599953117
2025-03-21,0.021259967551104566
2025-03-24,0.020403091467337726
2025-03-25,0.0225276746339377
2025-03-26,0.023037802810526982
2025-03-27,0.024181727046888195
2025-03-28,0.02502686510211028
2025-03-31,0.02199098408303599
2025-04-01,0.023887209239765346
2025-04-02,0.019150043499713224
2025-04-07,0.0187200048175737
2025-04-08,0.021401119086316048
2025-04-09,0.025902119486476107
2025-04-10,0.023328289954663385
2025-04-11,0.024997384499919503
2025-04-14,0.025327116392676603
2025-04-15,0.023063780065285464
2025-04-16,0.02201884460981388
2025-04-17,0.022235464591139748
2025-04-18,0.019097142595674892
2025-04-21,0.017263875955685563
2025-04-22,0.0147273793108555
2025-04-23,0.013812057271543629
2025-04-24,0.01050300031542785
2025-04-25,0.0035178062377967975
2025-04-28,0.00600520119577999
2025-04-29,-0.00010972805052473284
2025-04-30,-0.004354614478825736
2025-05-02,-0.001615341944018481
2025-05-05,-0.005282483790252405
2025-05-06,-0.004416870662167333
2025-05-07,-0.0060895439829492795
2025-05-08,-0.004840370747416145
2025-05-09,-0.0022069519145099486
2025-05-12,-0.0024737252905270225
2025-05-13,-0.003522445793679881
2025-05-14,-0.0015082867944258326
2025-05-15,0.001645553406752628
2025-05-16,-0.00237098654256043
2025-05-19,-0.0029152508526340275
2025-05-20,-0.004426234539480673
2025-05-21,-0.006134776849242571
2025-05-22,-0.003700144564452348
2025-05-23,-0.0010644236094036626
2025-05-26,0.00139842819798596
2025-05-27,-0.002205146565252669
2025-05-28,0.001036227778402952
2025-05-29,0.005030358764130576
2025-06-02,0.004011284467745356
2025-06-03,0.0013914795643859233
2025-06-04,0.001742353543533167
2025-06-05,0.003362201482708837
2025-06-06,-0.0002942230281017699
2025-06-09,-0.004001409434185589
2025-06-10,-0.002952519503930022
2025-06-11,-0.004211757030891547
2025-06-12,-0.00574286767448431
2025-06-13,-0.007839742642574279
2025-06-16,-0.006455722367797702
2025-06-17,-0.0023109353980823736
2025-06-18,0.0015081922529780506
2025-06-19,0.003936897068237487
2025-06-20,0.005184329374493322
2025-06-23,0.007196353161882634
2025-06-24,0.011660148938574201
2025-06-25,0.013571207166494842
2025-06-26,0.01345720457800095
2025-06-27,0.017510549030259764
2025-06-30,0.021854792205710315
2025-07-01,0.024054565904882287
2025-07-02,0.023569038360531216
2025-07-03,0.020635598317847476
2025-07-04,0.024903972334120648
2025-07-07,0.02582273984112345
2025-07-08,0.028108454126837733
2025-07-09,0.027921174400047724
2025-07-10,0.029868666804054804
2025-07-11,0.025853193948245812
2025-07-14,0.024599346257447346
2025-07-15,0.024407188403046152
2025-07-16,0.024662229874036667
2025-07-17,0.028867212788003735
2025-07-18,0.032979325300147515
2025-07-21,0.03119618847033686
2025-07-22,0.03089638078900173
2025-07-23,0.02747945276568135
2025-07-24,0.029628579082874893
2025-07-25,0.027722030198676646
2025-07-28,0.031399234413695985
2025-07-29,0.0338017578771113
2025-07-30,0.036069439401782276
2025-07-31,0.0400198195538431
2025-08-01,0.04157991025679094
2025-08-04,0.04076144953917056
2025-08-05,0.04034149292868462
2025-08-06,0.03950541896786468
2025-08-07,0.04023957929866366
2025-08-08,0.04592750710642183
2025-08-11,0.04635754578856135
2025-08-12,0.05129285324487721
2025-08-13,0.05467647372412027
2025-08-14,0.05786268154058019
2025-08-15,0.05415608436809328
2025-08-18,0.05597461177905767
2025-08-19,0.05365138582168766
2025-08-20,0.0527806522911703
2025-08-21,0.051451320558477225
2025-08-22,0.051800451708469454
2025-08-25,0.05017932053940828
2025-08-26,0.04769726104894543
2025-08-27,0.04996286327164899
2025-08-28,0.05395380836252414
2025-08-29,0.05853459658831061
2025-09-01,0.060704058494510035
2025-09-02,0.06291399462690386
2025-09-03,0.06470457752673046
2025-09-04,0.0663096278494802
2025-09-05,0.0693668392077532
2025-09-08,0.06687197459524152
2025-09-09,0.07158437265337593
2025-09-10,0.07377036693776028
2025-09-11,0.07567086046850591
2025-09-12,0.07621303903429417
2025-09-15,0.07409609345735703
2025-09-16,0.07526195895758829
2025-09-17,0.07311366732255255
2025-09-18,0.0735703943082594
2025-09-19,0.07185073183754302
2025-09-22,0.07387180693424837
2025-09-23,0.077703831713859
2025-09-24,0.081289828540208
2025-09-25,0.08201225084246223
2025-09-26,0.07961977679722036
2025-09-30,0.0771110399691558
2025-10-01,0.07417439864595986
2025-10-02,0.07195697834450594
2025-10-03,0.07002660526046475
2025-10-07,0.06810903823365402
2025-10-08,0.06779207700090133
2025-10-09,0.06944191093449298
2025-10-13,0.0684783307655201
2025-10-14,0.06541470531534002
2025-10-15,0.06442175096907779
2025-10-16,0.06914897519210032
2025-10-17,0.06773188823334249
2025-10-20,0.07293035905313454
2025-10-21,0.06979127540638244
2025-10-22,0.06752690299074952
2025-10-23,0.06696134343359333
2025-10-27,0.06568289799296584
2025-10-28,0.06709257333650567
2025-10-29,0.0656178600048182
2025-10-30,0.061472201741512876
2025-10-31,0.05761830101982982
2025-11-03,0.05381694886496903
2025-11-04,0.052006207061123876
2025-11-05,0.04722199602654552
2025-11-06,0.04523400082846629
2025-11-07,0.04369738618260795
2025-11-10,0.0478111304113462
2025-11-11,0.0491642049745048
2025-11-12,0.04979165595489694
2025-11-13,0.04189196274427937
2025-11-14,0.04159103255031944
2025-11-17,0.03540873576279762
2025-11-18,0.03312195438357927
2025-11-19,0.03099685214632676
2025-11-20,0.032604962056957676
2025-11-21,0.031645644996800275
2025-11-24,0.03363692249906061
2025-11-25,0.03316581632045622
2025-11-26,0.033431091484743096
2025-11-27,0.03619106113879912
2025-11-28,0.032801569716448827
2025-12-01,0.03425708525599798
2025-12-02,0.03600294485194741
2025-12-03,0.03320395859077628
2025-12-04,0.03594478717987626
2025-12-05,0.02878565686108207
2025-12-08,0.02151875009837699
2025-12-09,0.022057591873727182
2025-12-10,0.017778399679654368
2025-12-11,0.019364100626699847
2025-12-12,0.022878039535596747
2025-12-15,0.02616530000164815
2025-12-16,0.027131559369964423
2025-12-17,0.026662549356188257
2025-12-18,0.026003833233103953
2025-12-19,0.024618745864823304
2025-12-22,0.021300189524870883
2025-12-23,0.01976156850020394
2025-12-24,0.017846269047089365
2025-12-26,0.014594349479546928
2025-12-29,0.01330083207258414
2025-12-30,0.01566344378393535
2025-12-31,0.012477087811985059
2026-01-02,0.015368101792279742
2026-01-05,0.013730056485678524
2026-01-06,0.013402709594896247
2026-01-07,0.01752809308162427
2026-01-08,0.019146711213729295
2026-01-09,0.017943029741140263
2026-01-12,0.018975120825707327
2026-01-13,0.016367081683026065
2026-01-14,0.018106567614466516
2026-01-15,0.014900484361608046
2026-01-16,0.018908888812693116
2026-01-19,0.016113103832034188
2026-01-20,0.01539708409080436
2026-01-21,0.012793871362964183
2026-01-22,0.009037612041262853
2026-01-23,0.00890742663376652
2026-01-26,0.006105144026361607
2026-01-27,0.005485162700497929
2026-01-28,0.0017582727905027628
2026-01-29,0.005002237042870376
2026-01-30,0.0037339654369944277
2026-02-02,0.005610978849656273
2026-02-03,0.004634079094918654
2026-02-04,-0.0002735740536188267
2026-02-05,-0.007467414017222714
2026-02-06,-0.007986021460199905
2026-02-09,-0.008982696171450932
2026-02-10,-0.014398195704597522
2026-02-11,-0.018962154621497616
2026-02-23,-0.015777901192164486
2026-02-24,-0.018366670033034164
2026-02-25,-0.0158984827581242
2026-02-26,-0.014453603691571313
2026-03-02,-0.013811197978030348
2026-03-03,-0.018172513843880727
2026-03-04,-0.01679489613012856
2026-03-05,-0.013432937325293322
2026-03-06,-0.017923857780377254
2026-03-09,-0.012519886545921465
2026-03-10,-0.012948382210367305
2026-03-11,-0.014822198403511231
2026-03-12,-0.00910577850221738
2026-03-13,-0.00789782865561207
2026-03-16,-0.009930641780862172
2026-03-17,-0.008828093818660511
2026-03-18,-0.012168106377329183
2026-03-19,-0.008430600977035482
2026-03-20,-0.004153500076421998
2026-03-23,-0.004598256623422832
2026-03-24,-0.006120047832782968
2026-03-25,-0.0006179217386072201
2026-03-26,-0.0015700970664884555
2026-03-27,-0.005215915032224199
2026-03-30,-0.007818081752984889
2026-03-31,-0.009047373469671563
2026-04-01,-0.011149547672686102
2026-04-02,-0.009845613740925234
2026-04-07,-0.0067339592572494235
2026-04-08,-0.0018022960564956416
2026-04-09,0.002734985522802744
2026-04-10,0.007616938303915188
2026-04-13,0.007550778506662955
2026-04-14,0.006177429166927061
2026-04-15,0.006389780774236651
2026-04-16,0.0039194593123185505
2026-04-17,-0.002440076541465692
2026-04-20,-0.0067425975498690525
2026-04-21,-0.0021910066064436406
2026-04-22,-0.00406275139785698
2026-04-23,-0.0010767585631724676
2026-04-24,0.0019879339805116726
2026-04-27,0.001023325175778698
2026-04-28,0.005997047998241017
2026-04-29,0.007940726251082901
2026-04-30,0.006838925754021359
2026-05-04,0.011593607540868366
2026-05-05,0.005382056253686826
2026-05-06,0.0016525644569681398
2026-05-07,0.0028871680310411985
2026-05-08,0.004126063589264487
2026-05-11,0.0037808812594365532
2026-05-12,-0.00012681515246153955
2026-05-13,-0.002207647485394713
2026-05-14,-0.003084380811944969
2026-05-15,-0.003169743078312472
2026-05-18,-0.006569502982274056
2026-05-19,-0.00890707863104325
2026-05-20,-0.009229340869271874
2026-05-21,-0.008371397692000966
2026-05-22,-0.005627900293041383
2026-05-25,-0.005322168908523477
2026-05-26,-0.008141973408511563
2026-05-27,-0.00902342732145723
2026-05-28,-0.011841621265701593
2026-05-29,-0.016092921785909674
2026-06-01,-0.018149208803239707
2026-06-02,-0.026205976425088352
2026-06-03,-0.027580391052018555
2026-06-04,-0.02803508189002916
2026-06-05,-0.030090836705731448
2026-06-08,-0.03245058169303101
2026-06-09,-0.034234795711183263
2026-06-10,-0.03582263084523688
2026-06-11,-0.03700852648008657
2026-06-12,-0.03289324343556671
2026-06-15,-0.031169887426496415
2026-06-16,-0.026142332447684973
2026-06-17,-0.023877960032052052
2026-06-18,-0.022643332847845036
2026-06-22,-0.02658624334537738
2026-06-23,-0.023932381800759538
2026-06-24,-0.022568636302560258
2026-06-25,-0.01949596490583251
2026-06-26,-0.01699789901280863
2026-06-29,-0.009283304915968876
2026-06-30,-0.009526602234896446
2026-07-01,-0.009496723616782535
