stock_id,n_break_window_dates,categories_in_break,dealer_recurs_in_break_window
1101,61,"['Dealer_Hedging', 'Dealer_self', 'Foreign_Dealer_Self', 'Foreign_Investor', 'Investment_Trust']",False
1102,62,"['Dealer_Hedging', 'Dealer_self', 'Foreign_Dealer_Self', 'Foreign_Investor', 'Investment_Trust']",False
1103,62,"['Dealer_Hedging', 'Dealer_self', 'Foreign_Dealer_Self', 'Foreign_Investor', 'Investment_Trust']",False
1104,62,"['Dealer_Hedging', 'Dealer_self', 'Foreign_Dealer_Self', 'Foreign_Investor', 'Investment_Trust']",False
1108,62,"['Dealer_Hedging', 'Dealer_self', 'Foreign_Dealer_Self', 'Foreign_Investor', 'Investment_Trust']",False
1109,62,"['Dealer_Hedging', 'Dealer_self', 'Foreign_Dealer_Self', 'Foreign_Investor', 'Investment_Trust']",False
1110,62,"['Dealer_Hedging', 'Dealer_self', 'Foreign_Dealer_Self', 'Foreign_Investor', 'Investment_Trust']",False
1201,62,"['Dealer_Hedging', 'Dealer_self', 'Foreign_Dealer_Self', 'Foreign_Investor', 'Investment_Trust']",False
1203,60,"['Dealer_Hedging', 'Dealer_self', 'Foreign_Dealer_Self', 'Foreign_Investor', 'Investment_Trust']",False
1210,62,"['Dealer_Hedging', 'Dealer_self', 'Foreign_Dealer_Self', 'Foreign_Investor', 'Investment_Trust']",False
1213,5,"['Dealer_Hedging', 'Dealer_self', 'Foreign_Dealer_Self', 'Foreign_Investor', 'Investment_Trust']",False
1215,62,"['Dealer_Hedging', 'Dealer_self', 'Foreign_Dealer_Self', 'Foreign_Investor', 'Investment_Trust']",False
1216,62,"['Dealer_Hedging', 'Dealer_self', 'Foreign_Dealer_Self', 'Foreign_Investor', 'Investment_Trust']",False
1217,62,"['Dealer_Hedging', 'Dealer_self', 'Foreign_Dealer_Self', 'Foreign_Investor', 'Investment_Trust']",False
1218,62,"['Dealer_Hedging', 'Dealer_self', 'Foreign_Dealer_Self', 'Foreign_Investor', 'Investment_Trust']",False
1219,62,"['Dealer_Hedging', 'Dealer_self', 'Foreign_Dealer_Self', 'Foreign_Investor', 'Investment_Trust']",False
1220,62,"['Dealer_Hedging', 'Dealer_self', 'Foreign_Dealer_Self', 'Foreign_Investor', 'Investment_Trust']",False
1225,62,"['Dealer_Hedging', 'Dealer_self', 'Foreign_Dealer_Self', 'Foreign_Investor', 'Investment_Trust']",False
1227,62,"['Dealer_Hedging', 'Dealer_self', 'Foreign_Dealer_Self', 'Foreign_Investor', 'Investment_Trust']",False
1229,62,"['Dealer_Hedging', 'Dealer_self', 'Foreign_Dealer_Self', 'Foreign_Investor', 'Investment_Trust']",False
1231,62,"['Dealer_Hedging', 'Dealer_self', 'Foreign_Dealer_Self', 'Foreign_Investor', 'Investment_Trust']",False
1232,62,"['Dealer_Hedging', 'Dealer_self', 'Foreign_Dealer_Self', 'Foreign_Investor', 'Investment_Trust']",False
1233,47,"['Dealer_Hedging', 'Dealer_self', 'Foreign_Dealer_Self', 'Foreign_Investor', 'Investment_Trust']",False
1234,62,"['Dealer_Hedging', 'Dealer_self', 'Foreign_Dealer_Self', 'Foreign_Investor', 'Investment_Trust']",False
1235,56,"['Dealer_Hedging', 'Dealer_self', 'Foreign_Dealer_Self', 'Foreign_Investor', 'Investment_Trust']",False
1236,55,"['Dealer_Hedging', 'Dealer_self', 'Foreign_Dealer_Self', 'Foreign_Investor', 'Investment_Trust']",False
1256,61,"['Dealer_Hedging', 'Dealer_self', 'Foreign_Dealer_Self', 'Foreign_Investor', 'Investment_Trust']",False
1301,62,"['Dealer_Hedging', 'Dealer_self', 'Foreign_Dealer_Self', 'Foreign_Investor', 'Investment_Trust']",False
1303,62,"['Dealer_Hedging', 'Dealer_self', 'Foreign_Dealer_Self', 'Foreign_Investor', 'Investment_Trust']",False
1304,62,"['Dealer_Hedging', 'Dealer_self', 'Foreign_Dealer_Self', 'Foreign_Investor', 'Investment_Trust']",False
1305,62,"['Dealer_Hedging', 'Dealer_self', 'Foreign_Dealer_Self', 'Foreign_Investor', 'Investment_Trust']",False
1307,62,"['Dealer_Hedging', 'Dealer_self', 'Foreign_Dealer_Self', 'Foreign_Investor', 'Investment_Trust']",False
1308,62,"['Dealer_Hedging', 'Dealer_self', 'Foreign_Dealer_Self', 'Foreign_Investor', 'Investment_Trust']",False
1309,62,"['Dealer_Hedging', 'Dealer_self', 'Foreign_Dealer_Self', 'Foreign_Investor', 'Investment_Trust']",False
1310,62,"['Dealer_Hedging', 'Dealer_self', 'Foreign_Dealer_Self', 'Foreign_Investor', 'Investment_Trust']",False
1312,62,"['Dealer_Hedging', 'Dealer_self', 'Foreign_Dealer_Self', 'Foreign_Investor', 'Investment_Trust']",False
1313,62,"['Dealer_Hedging', 'Dealer_self', 'Foreign_Dealer_Self', 'Foreign_Investor', 'Investment_Trust']",False
1314,62,"['Dealer_Hedging', 'Dealer_self', 'Foreign_Dealer_Self', 'Foreign_Investor', 'Investment_Trust']",False
1315,56,"['Dealer_Hedging', 'Dealer_self', 'Foreign_Dealer_Self', 'Foreign_Investor', 'Investment_Trust']",False
1316,61,"['Dealer_Hedging', 'Dealer_self', 'Foreign_Dealer_Self', 'Foreign_Investor', 'Investment_Trust']",False
1319,62,"['Dealer_Hedging', 'Dealer_self', 'Foreign_Dealer_Self', 'Foreign_Investor', 'Investment_Trust']",False
1321,62,"['Dealer_Hedging', 'Dealer_self', 'Foreign_Dealer_Self', 'Foreign_Investor', 'Investment_Trust']",False
1323,61,"['Dealer_Hedging', 'Dealer_self', 'Foreign_Dealer_Self', 'Foreign_Investor', 'Investment_Trust']",False
1324,62,"['Dealer_Hedging', 'Dealer_self', 'Foreign_Dealer_Self', 'Foreign_Investor', 'Investment_Trust']",False
1325,62,"['Dealer_Hedging', 'Dealer_self', 'Foreign_Dealer_Self', 'Foreign_Investor', 'Investment_Trust']",False
1326,62,"['Dealer_Hedging', 'Dealer_self', 'Foreign_Dealer_Self', 'Foreign_Investor', 'Investment_Trust']",False
1337,62,"['Dealer_Hedging', 'Dealer_self', 'Foreign_Dealer_Self', 'Foreign_Investor', 'Investment_Trust']",False
1338,62,"['Dealer_Hedging', 'Dealer_self', 'Foreign_Dealer_Self', 'Foreign_Investor', 'Investment_Trust']",False
1339,62,"['Dealer_Hedging', 'Dealer_self', 'Foreign_Dealer_Self', 'Foreign_Investor', 'Investment_Trust']",False
1340,62,"['Dealer_Hedging', 'Dealer_self', 'Foreign_Dealer_Self', 'Foreign_Investor', 'Investment_Trust']",False
1341,41,"['Dealer_Hedging', 'Dealer_self', 'Foreign_Dealer_Self', 'Foreign_Investor', 'Investment_Trust']",False
1342,62,"['Dealer_Hedging', 'Dealer_self', 'Foreign_Dealer_Self', 'Foreign_Investor', 'Investment_Trust']",False
1402,62,"['Dealer_Hedging', 'Dealer_self', 'Foreign_Dealer_Self', 'Foreign_Investor', 'Investment_Trust']",False
1409,62,"['Dealer_Hedging', 'Dealer_self', 'Foreign_Dealer_Self', 'Foreign_Investor', 'Investment_Trust']",False
1410,55,"['Dealer_Hedging', 'Dealer_self', 'Foreign_Dealer_Self', 'Foreign_Investor', 'Investment_Trust']",False
1413,50,"['Dealer_Hedging', 'Dealer_self', 'Foreign_Dealer_Self', 'Foreign_Investor', 'Investment_Trust']",False
1414,62,"['Dealer_Hedging', 'Dealer_self', 'Foreign_Dealer_Self', 'Foreign_Investor', 'Investment_Trust']",False
1416,62,"['Dealer_Hedging', 'Dealer_self', 'Foreign_Dealer_Self', 'Foreign_Investor', 'Investment_Trust']",False
1417,62,"['Dealer_Hedging', 'Dealer_self', 'Foreign_Dealer_Self', 'Foreign_Investor', 'Investment_Trust']",False
1418,61,"['Dealer_Hedging', 'Dealer_self', 'Foreign_Dealer_Self', 'Foreign_Investor', 'Investment_Trust']",False
1419,62,"['Dealer_Hedging', 'Dealer_self', 'Foreign_Dealer_Self', 'Foreign_Investor', 'Investment_Trust']",False
1423,58,"['Dealer_Hedging', 'Dealer_self', 'Foreign_Dealer_Self', 'Foreign_Investor', 'Investment_Trust']",False
1432,61,"['Dealer_Hedging', 'Dealer_self', 'Foreign_Dealer_Self', 'Foreign_Investor', 'Investment_Trust']",False
1434,62,"['Dealer_Hedging', 'Dealer_self', 'Foreign_Dealer_Self', 'Foreign_Investor', 'Investment_Trust']",False
1435,36,"['Dealer_Hedging', 'Dealer_self', 'Foreign_Dealer_Self', 'Foreign_Investor', 'Investment_Trust']",False
1436,62,"['Dealer_Hedging', 'Dealer_self', 'Foreign_Dealer_Self', 'Foreign_Investor', 'Investment_Trust']",False
1437,62,"['Dealer_Hedging', 'Dealer_self', 'Foreign_Dealer_Self', 'Foreign_Investor', 'Investment_Trust']",False
1438,62,"['Dealer_Hedging', 'Dealer_self', 'Foreign_Dealer_Self', 'Foreign_Investor', 'Investment_Trust']",False
1439,56,"['Dealer_Hedging', 'Dealer_self', 'Foreign_Dealer_Self', 'Foreign_Investor', 'Investment_Trust']",False
1440,62,"['Dealer_Hedging', 'Dealer_self', 'Foreign_Dealer_Self', 'Foreign_Investor', 'Investment_Trust']",False
1441,34,"['Dealer_Hedging', 'Dealer_self', 'Foreign_Dealer_Self', 'Foreign_Investor', 'Investment_Trust']",False
1442,62,"['Dealer_Hedging', 'Dealer_self', 'Foreign_Dealer_Self', 'Foreign_Investor', 'Investment_Trust']",False
1443,54,"['Dealer_Hedging', 'Dealer_self', 'Foreign_Dealer_Self', 'Foreign_Investor', 'Investment_Trust']",False
1444,62,"['Dealer_Hedging', 'Dealer_self', 'Foreign_Dealer_Self', 'Foreign_Investor', 'Investment_Trust']",False
1445,61,"['Dealer_Hedging', 'Dealer_self', 'Foreign_Dealer_Self', 'Foreign_Investor', 'Investment_Trust']",False
1446,62,"['Dealer_Hedging', 'Dealer_self', 'Foreign_Dealer_Self', 'Foreign_Investor', 'Investment_Trust']",False
1447,62,"['Dealer_Hedging', 'Dealer_self', 'Foreign_Dealer_Self', 'Foreign_Investor', 'Investment_Trust']",False
1449,62,"['Dealer_Hedging', 'Dealer_self', 'Foreign_Dealer_Self', 'Foreign_Investor', 'Investment_Trust']",False
1451,62,"['Dealer_Hedging', 'Dealer_self', 'Foreign_Dealer_Self', 'Foreign_Investor', 'Investment_Trust']",False
1452,62,"['Dealer_Hedging', 'Dealer_self', 'Foreign_Dealer_Self', 'Foreign_Investor', 'Investment_Trust']",False
1453,62,"['Dealer_Hedging', 'Dealer_self', 'Foreign_Dealer_Self', 'Foreign_Investor', 'Investment_Trust']",False
1454,59,"['Dealer_Hedging', 'Dealer_self', 'Foreign_Dealer_Self', 'Foreign_Investor', 'Investment_Trust']",False
1455,62,"['Dealer_Hedging', 'Dealer_self', 'Foreign_Dealer_Self', 'Foreign_Investor', 'Investment_Trust']",False
1456,61,"['Dealer_Hedging', 'Dealer_self', 'Foreign_Dealer_Self', 'Foreign_Investor', 'Investment_Trust']",False
1457,62,"['Dealer_Hedging', 'Dealer_self', 'Foreign_Dealer_Self', 'Foreign_Investor', 'Investment_Trust']",False
1459,58,"['Dealer_Hedging', 'Dealer_self', 'Foreign_Dealer_Self', 'Foreign_Investor', 'Investment_Trust']",False
