stock_id,count,size,coverage_rate,passes_gate
1101,3467,3468,0.9997116493656286,True
1102,3470,3470,1.0,True
1103,3454,3470,0.9953890489913545,True
1104,3460,3471,0.996830884471334,True
1108,3255,3471,0.9377700950734659,True
1109,2984,3447,0.8656803017116333,True
1110,3055,3465,0.8816738816738817,True
1201,3468,3471,0.9991356957649092,True
1203,3153,3471,0.9083837510803803,True
1210,3470,3471,0.9997118985883031,True
1213,1146,3314,0.3458056729028364,False
1215,3469,3471,0.9994237971766061,True
1216,3470,3470,1.0,True
1217,3460,3471,0.996830884471334,True
1218,3458,3471,0.9962546816479401,True
1219,3018,3471,0.8694900605012964,True
1220,2817,3471,0.8115816767502161,True
1225,3062,3412,0.8974208675263775,True
1227,3468,3471,0.9991356957649092,True
1229,3465,3470,0.9985590778097982,True
1231,3444,3471,0.9922212618841832,True
1232,3365,3471,0.9694612503601268,True
1233,2518,3471,0.7254393546528378,False
1234,3365,3463,0.9717008374241987,True
1235,2469,3454,0.7148233931673422,False
1236,2256,3464,0.651270207852194,False
1240,1495,1940,0.770618556701031,False
1256,2342,2515,0.9312127236580517,True
1259,1338,3478,0.3847038527889592,False
1262,1400,1401,0.9992862241256245,True
1264,2096,2761,0.7591452372328866,False
1268,1465,2150,0.6813953488372093,False
1294,357,446,0.8004484304932735,True
1295,289,289,1.0,True
1301,3471,3471,1.0,True
1303,3470,3471,0.9997118985883031,True
1304,3467,3471,0.9988475943532124,True
1305,3471,3471,1.0,True
1307,3421,3471,0.9855949294151541,True
1308,3465,3471,0.9982713915298185,True
1309,3449,3471,0.9936617689426678,True
1310,3458,3461,0.9991331984975441,True
1312,3471,3471,1.0,True
1313,3471,3471,1.0,True
1314,3469,3470,0.9997118155619596,True
1315,2828,3445,0.820899854862119,True
1316,3201,3454,0.9267515923566879,True
1319,3471,3471,1.0,True
1321,3411,3471,0.982713915298185,True
1323,3385,3471,0.9752232785940651,True
1324,2422,3468,0.6983852364475202,False
1325,2735,3460,0.7904624277456648,False
1326,3471,3471,1.0,True
1336,2364,3484,0.6785304247990815,False
1337,3462,3471,0.9974070872947277,True
1338,3264,3308,0.9866989117291415,True
1339,3187,3471,0.9181791990780754,True
1340,3034,3045,0.9963875205254515,True
1341,1058,1829,0.5784581738655002,False
1342,1336,1365,0.9787545787545787,True
1402,3471,3471,1.0,True
1409,3467,3471,0.9988475943532124,True
1410,2631,3445,0.7637155297532656,False
1413,2784,3457,0.8053225339890078,True
1414,3253,3464,0.9390877598152425,True
1416,3309,3437,0.9627582193773639,True
1417,3375,3457,0.9762800115707261,True
1418,1601,3414,0.46895137668424136,False
1419,3208,3459,0.9274356750505927,True
1423,2943,3457,0.8513161700896731,True
1432,3141,3463,0.9070170372509385,True
1434,3469,3471,0.9994237971766061,True
1435,2092,3191,0.6555938577248511,False
1436,2470,3460,0.7138728323699421,False
1437,3351,3471,0.9654278305963699,True
1438,2161,3375,0.6402962962962963,False
1439,3050,3467,0.8797231035477358,True
1440,3467,3471,0.9988475943532124,True
1441,2805,3457,0.8113971651721146,True
1442,3421,3471,0.9855949294151541,True
1443,2541,3465,0.7333333333333333,False
1444,3466,3471,0.9985594929415154,True
1445,2936,3471,0.8458657447421493,True
1446,3180,3471,0.916162489196197,True
1447,3466,3471,0.9985594929415154,True
1449,2238,3440,0.6505813953488372,False
1451,3435,3449,0.9959408524209916,True
1452,3354,3471,0.9662921348314607,True
1453,2692,3468,0.776239907727797,False
1454,2885,3469,0.8316517728452003,True
1455,3467,3471,0.9988475943532124,True
1456,1860,3319,0.5604097619764989,False
1457,3446,3459,0.9962416883492339,True
1459,3221,3479,0.9258407588387467,True
1460,3469,3481,0.9965527147371445,True
1463,3451,3486,0.9899598393574297,True
1464,3382,3486,0.970166379804934,True
1465,2641,3479,0.7591261856855418,False
1466,3001,3477,0.8631003738855335,True
1467,3381,3486,0.9698795180722891,True
1468,2281,3486,0.6543316121629374,False
1469,468,1162,0.4027538726333907,False
1470,1686,2885,0.5844020797227036,False
1471,3078,3479,0.8847369933889049,True
1472,2483,3460,0.7176300578034682,False
1473,3441,3486,0.9870912220309811,True
1474,3144,3486,0.9018932874354562,True
1475,2034,3262,0.6235438381361128,False
1476,3485,3486,0.9997131382673551,True
1477,3486,3486,1.0,True
1503,3434,3486,0.985083189902467,True
1504,3484,3485,0.999713055954089,True
1506,3262,3486,0.9357429718875502,True
1507,2437,2441,0.9983613273248668,True
1512,1913,3477,0.550186942766753,False
1513,3473,3477,0.998849582973828,True
1514,3419,3486,0.980780263912794,True
1515,3369,3476,0.9692174913693901,True
1516,2033,3430,0.5927113702623906,False
1517,3325,3486,0.9538152610441767,True
1519,3449,3486,0.98938611589214,True
1521,3343,3486,0.9589787722317843,True
1522,3473,3486,0.9962707974756168,True
1524,3330,3479,0.9571716010347802,True
1525,3363,3485,0.9649928263988522,True
1526,2970,3483,0.8527131782945736,True
1527,3470,3478,0.9976998274870615,True
1528,3292,3486,0.9443488238668961,True
1529,1738,3429,0.5068533100029163,False
1530,2943,3481,0.8454467107153117,True
1531,3388,3486,0.9718875502008032,True
1532,3483,3486,0.9991394148020654,True
1533,3342,3486,0.9586919104991394,True
1535,3200,3484,0.9184845005740528,True
1536,3482,3486,0.9988525530694206,True
1537,3485,3486,0.9997131382673551,True
1538,1580,3439,0.45943588252398954,False
1539,3143,3485,0.9018651362984218,True
1540,3060,3486,0.8777969018932874,True
1541,2945,3479,0.8465076171313596,True
1558,2819,2828,0.9968175388967468,True
1560,3483,3486,0.9991394148020654,True
1563,540,540,1.0,True
1565,3482,3486,0.9988525530694206,True
1568,2904,2983,0.9735165940328528,True
1569,3332,3486,0.9558232931726908,True
1570,2104,3470,0.6063400576368876,False
1580,3465,3486,0.9939759036144579,True
1582,3476,3479,0.999137683242311,True
1583,2637,3438,0.7670157068062827,False
1584,2648,3476,0.761795166858458,False
1586,2929,3480,0.8416666666666667,True
1587,1750,2020,0.8663366336633663,True
1589,3381,3405,0.9929515418502203,True
1590,3486,3486,1.0,True
1591,1924,3406,0.5648854961832062,False
1592,1458,1628,0.8955773955773956,True
1593,2135,3448,0.619199535962877,False
1595,2505,3484,0.7190011481056258,False
1597,1359,1359,1.0,True
1598,2359,2403,0.9816895547232626,True
1599,2611,3318,0.7869198312236287,False
1603,3082,3376,0.9129146919431279,True
1604,3474,3481,0.9979890835966676,True
1605,3485,3486,0.9997131382673551,True
1608,3468,3486,0.9948364888123924,True
1609,3468,3486,0.9948364888123924,True
1611,3453,3473,0.994241289951051,True
1612,3388,3486,0.9718875502008032,True
1613,971,1213,0.8004946413849959,True
1614,3235,3476,0.9306674338319908,True
1615,2662,3473,0.7664843075151166,False
1616,2919,3486,0.8373493975903614,True
1617,2644,3465,0.7630591630591631,False
1618,3295,3480,0.9468390804597702,True
1623,124,124,1.0,True
1626,3148,3265,0.9641653905053599,True
1701,3004,3015,0.996351575456053,True
1702,3483,3486,0.9991394148020654,True
1704,1663,1663,1.0,True
1707,3486,3486,1.0,True
1708,3473,3486,0.9962707974756168,True
1709,3442,3479,0.9893647599885025,True
1710,3486,3486,1.0,True
1711,3482,3486,0.9988525530694206,True
1712,3474,3486,0.9965576592082617,True
1713,2704,3481,0.7767882792301063,False
1714,3483,3486,0.9991394148020654,True
1715,1324,1347,0.9829250185597624,True
1717,3474,3479,0.9985628054038517,True
1718,3486,3486,1.0,True
1720,3468,3485,0.9951219512195122,True
1721,3114,3479,0.8950847944811727,True
1722,3485,3486,0.9997131382673551,True
1723,3485,3486,0.9997131382673551,True
1724,1559,2325,0.6705376344086021,False
1725,2510,3485,0.7202295552367288,False
1726,3320,3479,0.9542972118424835,True
1727,2874,3486,0.8244406196213425,True
1729,1235,1241,0.9951651893634166,True
1730,3197,3486,0.917096959265634,True
1731,3145,3486,0.902180149168101,True
1732,2638,3483,0.7573930519666954,False
1733,3481,3486,0.9985656913367756,True
1734,3443,3484,0.9882319173363949,True
1735,2192,3464,0.6327944572748267,False
1736,3483,3486,0.9991394148020654,True
1737,3462,3476,0.9959723820483314,True
1742,2220,3464,0.640877598152425,False
1752,1096,1096,1.0,True
1760,2060,2069,0.9956500724987917,True
1762,3427,3486,0.9830751577739529,True
1773,3457,3486,0.9916810097532989,True
1776,1723,2468,0.6981361426256077,False
1777,2260,3481,0.6492387245044527,False
1780,31,31,1.0,True
1781,2408,3485,0.690961262553802,False
1783,2924,3076,0.9505851755526658,True
1784,3210,3486,0.9208261617900172,True
1785,3307,3318,0.9966847498493068,True
1786,3004,3104,0.9677835051546392,True
1788,2548,3482,0.7317633543940264,False
1789,3485,3486,0.9997131382673551,True
1795,1609,1609,1.0,True
1796,1281,2053,0.6239649293716513,False
1799,2431,3470,0.7005763688760807,False
1802,3486,3486,1.0,True
1805,2470,3450,0.7159420289855073,False
1806,3433,3479,0.9867778097154355,True
1808,3458,3479,0.993963782696177,True
1809,3334,3476,0.9591484464902187,True
1810,3384,3480,0.9724137931034482,True
1813,1848,3483,0.5305770887166236,False
1815,3481,3486,0.9985656913367756,True
1817,2988,3117,0.958614051973051,True
1902,1951,1981,0.9848561332660273,True
1903,3225,3485,0.9253945480631277,True
1904,3483,3486,0.9991394148020654,True
1905,3468,3476,0.997698504027618,True
1906,3210,3484,0.9213547646383468,True
1907,3483,3486,0.9991394148020654,True
1909,3483,3486,0.9991394148020654,True
2002,3486,3486,1.0,True
2006,3476,3479,0.999137683242311,True
2007,2958,3479,0.8502443230813452,True
2008,2596,3469,0.7483424618045547,False
2009,3319,3486,0.9520940906483075,True
2010,3439,3486,0.9865174985656914,True
2012,3135,3485,0.8995695839311334,True
2013,3372,3486,0.9672977624784854,True
2014,3479,3486,0.9979919678714859,True
2015,3485,3486,0.9997131382673551,True
2017,3403,3477,0.9787172850158182,True
2020,3390,3486,0.9724612736660929,True
2022,3412,3472,0.9827188940092166,True
2023,3484,3486,0.9994262765347103,True
2024,2921,3486,0.8379231210556511,True
2025,1943,3252,0.5974784747847478,False
2027,3480,3485,0.9985652797704447,True
2028,2676,3477,0.7696289905090595,False
2029,3418,3486,0.9804934021801491,True
2030,3426,3486,0.9827882960413081,True
2031,3476,3486,0.9971313826735514,True
2032,3077,3486,0.8826735513482501,True
2033,2777,3476,0.7989067894131185,False
2034,3481,3486,0.9985656913367756,True
2035,1247,3359,0.37124144090503125,False
2038,3086,3486,0.8852553069420539,True
2049,3484,3486,0.9994262765347103,True
2059,3485,3486,0.9997131382673551,True
2061,2130,3453,0.6168549087749783,False
2062,3458,3485,0.9922525107604018,True
2063,1724,3438,0.5014543339150669,False
2064,1168,2693,0.4337170441886372,False
2065,1837,2259,0.8131916777335104,True
2066,2323,3126,0.7431222008957133,False
2067,909,2863,0.31749912679008035,False
2069,2403,2527,0.9509299564701227,True
2070,1228,1829,0.6714051394204483,False
2072,86,86,1.0,True
2073,86,611,0.1407528641571195,False
2101,3477,3479,0.9994251221615407,True
2102,3477,3483,0.9982773471145564,True
2103,3485,3486,0.9997131382673551,True
2104,3482,3484,0.9994259471871412,True
2105,3486,3486,1.0,True
2106,3481,3486,0.9985656913367756,True
2107,3454,3461,0.9979774631609362,True
2108,3475,3486,0.9968445209409065,True
2109,3305,3469,0.9527241279907754,True
2114,3212,3486,0.9213998852553069,True
2115,2751,3072,0.8955078125,True
2201,3477,3478,0.9997124784358827,True
2204,3477,3480,0.9991379310344828,True
2206,3482,3485,0.9991391678622669,True
2207,3483,3485,0.9994261119081779,True
2208,3473,3479,0.998275366484622,True
2211,1292,1292,1.0,True
2221,2238,3485,0.642180774748924,False
2227,3477,3486,0.9974182444061962,True
2228,3092,3095,0.9990306946688207,True
2230,1771,3236,0.5472805933250927,False
2231,3437,3485,0.9862266857962697,True
2233,1669,1670,0.9994011976047904,True
2235,1362,2739,0.49726177437020813,False
2236,2408,2719,0.8856197131298271,True
2239,2551,2559,0.9968737788198515,True
2241,1440,1441,0.9993060374739764,True
2243,1835,2147,0.8546809501630181,True
2247,1403,1411,0.9943302622253721,True
2248,313,339,0.9233038348082596,True
2250,1227,1258,0.9753577106518283,True
2254,631,671,0.940387481371088,True
2258,650,653,0.9954058192955589,True
2301,3486,3486,1.0,True
2302,3116,3486,0.8938611589213998,True
2303,3485,3485,1.0,True
2305,3285,3486,0.9423407917383821,True
2308,3486,3486,1.0,True
2311,1466,1466,1.0,True
2312,3484,3486,0.9994262765347103,True
2313,3486,3486,1.0,True
2314,3412,3464,0.9849884526558892,True
2315,333,333,1.0,True
2316,3457,3468,0.9968281430219147,True
2317,3478,3478,1.0,True
2321,258,3451,0.07476093885830194,False
2323,3462,3463,0.9997112330349408,True
2324,3485,3485,1.0,True
2325,1466,1466,1.0,True
2327,3433,3433,1.0,True
2328,3484,3486,0.9994262765347103,True
2329,3453,3479,0.9925265881000287,True
2330,3486,3486,1.0,True
2331,3468,3469,0.9997117324877486,True
2332,3476,3479,0.999137683242311,True
2337,3475,3477,0.999424791486914,True
2338,3428,3486,0.9833620195065979,True
2340,3467,3469,0.9994234649754973,True
2342,3264,3468,0.9411764705882353,True
2344,3486,3486,1.0,True
2345,3486,3486,1.0,True
2347,3486,3486,1.0,True
2348,2143,3202,0.6692692067457839,False
2349,3462,3466,0.9988459319099827,True
2351,3484,3486,0.9994262765347103,True
2352,3480,3480,1.0,True
2353,3486,3486,1.0,True
2354,3485,3485,1.0,True
2355,3486,3486,1.0,True
2356,3486,3486,1.0,True
2357,3486,3486,1.0,True
2358,2716,2915,0.9317324185248713,True
2359,3373,3471,0.971766061653702,True
2360,3485,3486,0.9997131382673551,True
2361,18,902,0.019955654101995565,False
2362,3482,3486,0.9988525530694206,True
2363,3463,3471,0.9976951887064247,True
2364,1551,3463,0.4478775628068149,False
2365,3452,3486,0.9902467010900746,True
2367,3484,3486,0.9994262765347103,True
2368,3473,3479,0.998275366484622,True
2369,3483,3486,0.9991394148020654,True
2371,3477,3478,0.9997124784358827,True
2373,3439,3476,0.989355581127733,True
2374,3471,3478,0.9979873490511788,True
2375,3312,3443,0.9619517862329364,True
2376,3486,3486,1.0,True
2377,3486,3486,1.0,True
2379,3486,3486,1.0,True
2380,2941,3473,0.8468183126979557,True
2382,3486,3486,1.0,True
2383,3486,3486,1.0,True
2384,634,634,1.0,True
2385,3486,3486,1.0,True
2387,3448,3456,0.9976851851851852,True
2388,3416,3477,0.9824561403508771,True
2390,3457,3479,0.9936763437769474,True
2392,3484,3484,1.0,True
2393,3486,3486,1.0,True
2395,3484,3486,0.9994262765347103,True
2397,3398,3484,0.9753157290470723,True
2399,3428,3486,0.9833620195065979,True
2401,3483,3486,0.9991394148020654,True
2402,3482,3485,0.9991391678622669,True
2404,3475,3479,0.9988502443230813,True
2405,3479,3486,0.9979919678714859,True
2406,3480,3481,0.9997127262280954,True
2408,3420,3477,0.9836065573770492,True
2409,3479,3479,1.0,True
2412,3486,3486,1.0,True
2413,3388,3486,0.9718875502008032,True
2414,3190,3486,0.9150889271371199,True
2415,3343,3478,0.9611845888441634,True
2417,3451,3479,0.9919517102615694,True
2419,3474,3479,0.9985628054038517,True
2420,3474,3486,0.9965576592082617,True
2421,3464,3486,0.993689041881813,True
2423,3065,3486,0.8792312105565118,True
2424,1488,3256,0.457002457002457,False
2425,3447,3478,0.9910868315123634,True
2426,3469,3476,0.9979861910241657,True
2427,3364,3486,0.9650028686173264,True
2428,3482,3486,0.9988525530694206,True
2429,1592,2970,0.5360269360269361,False
2430,3397,3479,0.9764300086231675,True
2431,3405,3486,0.9767641996557659,True
2432,690,763,0.9043250327653998,True
2433,3262,3486,0.9357429718875502,True
2434,2450,3448,0.7105568445475638,False
2436,3462,3470,0.9976945244956772,True
2437,1175,1262,0.9310618066561014,True
2438,2072,3456,0.5995370370370371,False
2439,3485,3486,0.9997131382673551,True
2440,2849,3467,0.8217479088549178,True
2441,3483,3486,0.9991394148020654,True
2442,3367,3479,0.9678068410462777,True
2443,1750,2901,0.603240261978628,False
2444,3379,3478,0.9715353651523865,True
2448,2127,2127,1.0,True
2449,3485,3485,1.0,True
2450,3477,3486,0.9974182444061962,True
2451,3484,3486,0.9994262765347103,True
2453,3283,3486,0.9417670682730924,True
2454,3485,3485,1.0,True
2455,3479,3480,0.9997126436781609,True
2456,2341,2348,0.9970187393526405,True
2457,3483,3486,0.9991394148020654,True
2458,3479,3479,1.0,True
2459,3445,3476,0.9910817031070196,True
2460,3158,3486,0.9059093516924842,True
2461,3460,3486,0.9925415949512335,True
2462,3382,3486,0.970166379804934,True
2464,3474,3486,0.9965576592082617,True
2465,3186,3479,0.9157803966657085,True
2466,3269,3486,0.9377510040160643,True
2467,3468,3486,0.9948364888123924,True
2468,2704,3486,0.7756741250717154,False
2471,2856,3486,0.8192771084337349,True
2472,3461,3476,0.9956846950517837,True
2473,142,144,0.9861111111111112,True
2474,3485,3485,1.0,True
2475,1484,1727,0.8592935726693689,True
2476,3457,3479,0.9936763437769474,True
2477,3349,3460,0.9679190751445087,True
2478,3412,3472,0.9827188940092166,True
2480,3456,3478,0.9936745255894192,True
2481,3479,3481,0.9994254524561907,True
2482,3049,3483,0.8753947746195808,True
2483,3171,3485,0.9098995695839311,True
2484,3470,3486,0.9954102122776821,True
2485,3484,3486,0.9994262765347103,True
2486,3463,3486,0.9934021801491681,True
2488,3407,3486,0.9773379231210556,True
2489,3457,3460,0.9991329479768786,True
2491,2172,3468,0.6262975778546713,False
2492,3463,3464,0.9997113163972287,True
2493,3437,3486,0.9859437751004017,True
2495,3464,3486,0.993689041881813,True
2496,2005,3296,0.6083131067961165,False
2497,3428,3485,0.9836441893830703,True
2498,3485,3485,1.0,True
2499,1942,1947,0.997431946584489,True
2501,3473,3476,0.9991369390103567,True
2504,3474,3480,0.9982758620689656,True
2505,3473,3480,0.9979885057471264,True
2506,3245,3486,0.9308663224325875,True
2509,3248,3486,0.9317269076305221,True
2511,3479,3486,0.9979919678714859,True
2514,3469,3478,0.9974123059229443,True
2515,3485,3486,0.9997131382673551,True
2516,3204,3486,0.919104991394148,True
2520,3486,3486,1.0,True
2524,3383,3483,0.9712891185759402,True
2527,3418,3485,0.9807747489239599,True
2528,2807,3437,0.8167006109979633,True
2530,3351,3486,0.9612736660929432,True
2534,3467,3472,0.9985599078341014,True
2535,3448,3478,0.9913743530764807,True
2536,3479,3486,0.9979919678714859,True
2537,3334,3484,0.9569460390355913,True
2538,3481,3486,0.9985656913367756,True
2539,2933,3477,0.8435432844406098,True
2540,2191,3193,0.6861885374256186,False
2542,3477,3477,1.0,True
2543,2552,3484,0.7324913892078071,False
2545,3482,3486,0.9988525530694206,True
2546,3084,3486,0.8846815834767642,True
2547,3483,3486,0.9991394148020654,True
2548,3485,3486,0.9997131382673551,True
2596,1965,3477,0.5651423641069888,False
2597,3258,3484,0.9351320321469575,True
2601,3484,3484,1.0,True
2603,3479,3479,1.0,True
2605,3485,3486,0.9997131382673551,True
2606,3484,3486,0.9994262765347103,True
2607,3476,3480,0.9988505747126437,True
2608,3478,3486,0.9977051061388411,True
2609,3474,3477,0.999137187230371,True
2610,3486,3486,1.0,True
2611,3059,3479,0.8792756539235412,True
2612,3464,3480,0.9954022988505747,True
2613,2994,3486,0.8588640275387264,True
2614,3441,3450,0.9973913043478261,True
2615,3486,3486,1.0,True
2616,3217,3486,0.9228341939185313,True
2617,3473,3486,0.9962707974756168,True
2618,3486,3486,1.0,True
2630,1814,2053,0.8835849975645397,True
2633,2379,2379,1.0,True
2634,2911,2912,0.9996565934065934,True
2636,2335,2339,0.9982898674647285,True
2637,3482,3486,0.9988525530694206,True
2640,3020,3353,0.9006859528780197,True
2641,2377,2875,0.8267826086956521,True
2642,2766,3082,0.8974691758598313,True
2643,1929,2532,0.7618483412322274,False
2645,822,822,1.0,True
2646,428,428,1.0,True
2701,2782,3486,0.7980493402180149,False
2702,2695,3482,0.7739804709936818,False
2704,3454,3486,0.9908204245553643,True
2705,3374,3479,0.9698189134808853,True
2706,3238,3486,0.9288582903040734,True
2707,3480,3486,0.9982788296041308,True
2712,1915,2835,0.6754850088183422,False
2718,817,2536,0.3221608832807571,False
2719,1330,3369,0.39477589789254974,False
2722,2465,3369,0.7316711190264173,False
2723,3483,3486,0.9991394148020654,True
2724,827,2966,0.27882670262980447,False
2726,2443,2809,0.8697045211819153,True
2727,3484,3486,0.9994262765347103,True
2729,2732,3389,0.8061375036884036,True
2731,3108,3138,0.9904397705544933,True
2732,2511,2809,0.8939124243503026,True
2734,1778,3035,0.585831960461285,False
2736,1692,2550,0.6635294117647059,False
2739,2240,2481,0.9028617492946392,True
2740,506,2418,0.20926385442514475,False
2743,1386,1557,0.8901734104046243,True
2745,1432,2010,0.7124378109452736,False
2748,2289,2357,0.9711497666525244,True
2751,218,456,0.4780701754385965,False
2752,866,1660,0.5216867469879518,False
2753,1183,1186,0.9974704890387859,True
2754,1371,1425,0.9621052631578947,True
2755,906,1360,0.6661764705882353,False
2756,770,1098,0.7012750455373407,False
2762,605,607,0.9967051070840197,True
2801,3486,3486,1.0,True
2809,3275,3278,0.99908480780964,True
2812,3484,3486,0.9994262765347103,True
2816,3407,3478,0.979585968947671,True
2820,3482,3486,0.9988525530694206,True
2823,2368,2368,1.0,True
2832,3436,3479,0.9876401264731245,True
2833,845,846,0.9988179669030733,True
2834,3485,3486,0.9997131382673551,True
2836,3472,3486,0.9959839357429718,True
2837,565,573,0.9860383944153578,True
2838,3479,3486,0.9979919678714859,True
2841,2427,2436,0.9963054187192119,True
2845,3482,3486,0.9988525530694206,True
2847,951,951,1.0,True
2849,3350,3485,0.9612625538020086,True
2850,3473,3486,0.9962707974756168,True
2851,3321,3486,0.9526678141135972,True
2852,3412,3486,0.97877223178428,True
2855,3478,3486,0.9977051061388411,True
2856,1566,1573,0.9955499046408137,True
2867,3316,3323,0.9978934697562444,True
2880,3485,3486,0.9997131382673551,True
2881,3486,3486,1.0,True
2882,3485,3486,0.9997131382673551,True
2883,3486,3486,1.0,True
2884,3485,3485,1.0,True
2885,3486,3486,1.0,True
2886,3486,3486,1.0,True
2887,3484,3485,0.999713055954089,True
2888,3228,3228,1.0,True
2889,3480,3485,0.9985652797704447,True
2890,3486,3486,1.0,True
2891,3486,3486,1.0,True
2892,3486,3486,1.0,True
2897,2247,2254,0.9968944099378882,True
2901,2161,3480,0.6209770114942529,False
2903,3484,3486,0.9994262765347103,True
2904,2784,3486,0.7986230636833046,False
2905,3478,3485,0.9979913916786227,True
2906,3113,3486,0.8930005737234653,True
2908,3479,3486,0.9979919678714859,True
2910,2118,3235,0.6547140649149923,False
2911,3283,3472,0.9455645161290323,True
2912,3484,3485,0.999713055954089,True
2913,3486,3486,1.0,True
2915,3479,3479,1.0,True
2916,1431,3386,0.4226225634967513,False
2923,2975,3316,0.8971652593486128,True
2924,1020,3042,0.33530571992110453,False
2926,2377,3290,0.7224924012158055,False
2929,3037,3052,0.9950851900393185,True
2936,1269,1399,0.9070764832022874,True
2937,662,2113,0.31329862754377663,False
2939,1895,2073,0.9141341051616015,True
2941,87,523,0.16634799235181644,False
2945,784,1128,0.6950354609929078,False
2947,272,1166,0.2332761578044597,False
2948,180,575,0.3130434782608696,False
2949,179,614,0.2915309446254072,False
3002,2864,3484,0.8220436280137773,True
3003,3470,3486,0.9954102122776821,True
3004,3289,3486,0.9434882386689616,True
3005,3486,3486,1.0,True
3006,3485,3486,0.9997131382673551,True
3008,3486,3486,1.0,True
3010,3477,3486,0.9974182444061962,True
3011,3242,3486,0.9300057372346529,True
3013,3471,3486,0.995697074010327,True
3014,3472,3477,0.998561978717285,True
3015,3409,3477,0.9804429105550763,True
3016,3446,3486,0.9885255306942053,True
3017,3484,3486,0.9994262765347103,True
3018,2405,3330,0.7222222222222222,False
3019,3485,3486,0.9997131382673551,True
3021,2722,3478,0.7826336975273146,False
3022,3470,3473,0.9991361934926577,True
3023,3486,3486,1.0,True
3024,3232,3485,0.927403156384505,True
3025,3191,3479,0.9172175912618569,True
3026,3460,3469,0.9974055923897377,True
3027,3256,3486,0.934021801491681,True
3028,3455,3486,0.9911072862880091,True
3029,3431,3486,0.9842226047045324,True
3030,3482,3486,0.9988525530694206,True
3031,3461,3486,0.9928284566838784,True
3032,3348,3484,0.9609644087256027,True
3033,3470,3486,0.9954102122776821,True
3034,3486,3486,1.0,True
3035,3476,3476,1.0,True
3036,3480,3481,0.9997127262280954,True
3037,3485,3485,1.0,True
3038,3415,3486,0.9796328169822146,True
3040,3041,3469,0.876621504756414,True
3041,3470,3472,0.9994239631336406,True
3042,3484,3486,0.9994262765347103,True
3043,1590,3479,0.4570278815751653,False
3044,3486,3486,1.0,True
3045,3485,3486,0.9997131382673551,True
3046,2608,3468,0.7520184544405998,False
3047,3463,3486,0.9934021801491681,True
3048,3381,3485,0.9701578192252511,True
3049,3471,3478,0.9979873490511788,True
3050,3399,3478,0.9772857964347326,True
3051,2438,3478,0.7009775733179988,False
3052,3342,3486,0.9586919104991394,True
3054,2856,3475,0.8218705035971223,True
3055,3342,3478,0.960897067280046,True
3056,3471,3479,0.9977004886461627,True
3057,3329,3473,0.958537287647567,True
3058,3294,3486,0.9449225473321858,True
3059,3476,3479,0.999137683242311,True
3060,3468,3478,0.9971247843588269,True
3061,658,659,0.9984825493171472,True
3062,3483,3486,0.9991394148020654,True
3064,965,3349,0.2881457151388474,False
3066,1487,3433,0.43314884940285464,False
3067,428,2846,0.15038650737877723,False
3071,2763,3455,0.7997105643994211,False
3073,1413,3194,0.4423919849718222,False
3078,3334,3486,0.9563970166379805,True
3080,186,186,1.0,True
3081,2684,2690,0.9977695167286246,True
3083,3435,3486,0.9853700516351118,True
3085,934,3293,0.2836319465532949,False
3086,2271,3443,0.6595991867557363,False
3088,3360,3486,0.963855421686747,True
3089,1348,2615,0.5154875717017209,False
3090,3418,3485,0.9807747489239599,True
3092,1270,1270,1.0,True
3093,1635,3298,0.4957550030321407,False
3094,3403,3486,0.9761904761904762,True
3095,1329,3468,0.38321799307958476,False
3105,3465,3470,0.9985590778097982,True
3114,2443,3483,0.7014068331897789,False
3115,590,3185,0.18524332810047095,False
3118,2140,3480,0.6149425287356322,False
3122,2127,2793,0.761546723952739,False
3128,2297,3485,0.6591104734576757,False
3130,2862,3460,0.8271676300578035,True
3131,3284,3485,0.9423242467718795,True
3135,238,239,0.99581589958159,True
3138,1364,1367,0.9978054133138259,True
3141,2969,3014,0.9850696748506967,True
3147,1732,1989,0.8707893413775767,True
3149,3462,3474,0.9965457685664939,True
3150,474,508,0.9330708661417323,True
3152,3459,3481,0.9936799770180983,True
3158,86,170,0.5058823529411764,False
3162,1851,3445,0.5373004354136429,False
3163,3327,3335,0.9976011994002999,True
3164,3274,3485,0.939454806312769,True
3167,3012,3120,0.9653846153846154,True
3168,543,570,0.9526315789473684,True
3169,3158,3479,0.9077321069272779,True
3171,1551,3436,0.45139697322467986,False
3176,3426,3486,0.9827882960413081,True
3178,1715,1870,0.9171122994652406,True
3188,2029,3458,0.5867553499132446,False
3189,3486,3486,1.0,True
3191,1959,3474,0.5639032815198618,False
3202,2524,3162,0.7982289690069576,False
3205,2924,3475,0.8414388489208633,True
3206,2814,3486,0.8072289156626506,True
3207,1843,3437,0.5362234506837358,False
3209,3400,3486,0.9753298909925416,True
3211,3479,3486,0.9979919678714859,True
3213,2957,3486,0.8482501434308664,True
3217,2674,3484,0.7675086107921929,False
3218,3298,3486,0.9460699942627654,True
3219,1415,2900,0.4879310344827586,False
3221,3116,3486,0.8938611589213998,True
3224,2952,3471,0.8504753673293,True
3226,800,3359,0.23816612086930633,False
3227,3480,3486,0.9982788296041308,True
3228,2489,3484,0.7144087256027555,False
3229,2626,3478,0.7550316273720529,False
3230,1951,3456,0.5645254629629629,False
3231,3485,3486,0.9997131382673551,True
3232,2688,3486,0.7710843373493976,False
3234,3417,3476,0.9830264672036824,True
3236,3125,3486,0.8964429145152036,True
3252,1759,3420,0.514327485380117,False
3257,3436,3486,0.9856569133677567,True
3259,2400,3472,0.6912442396313364,False
3260,3478,3485,0.9979913916786227,True
3264,3481,3485,0.9988522238163559,True
3265,3475,3486,0.9968445209409065,True
3266,2611,2826,0.9239207360226469,True
3268,2207,3480,0.6341954022988506,False
3272,2866,2911,0.9845413947097218,True
3276,2311,3449,0.6700492896491737,False
3284,2262,3486,0.648881239242685,False
3285,2488,3428,0.7257876312718786,False
3287,2003,3451,0.5804114749348015,False
3288,808,3329,0.24271553018924602,False
3289,3348,3476,0.9631760644418872,True
3290,3108,3478,0.8936170212765957,True
3293,3473,3486,0.9962707974756168,True
3294,3049,3486,0.8746414228341939,True
3296,3177,3485,0.9116212338593974,True
3297,2031,3485,0.5827833572453371,False
3303,2998,3486,0.8600114744693058,True
3305,3319,3486,0.9520940906483075,True
3306,2193,3484,0.6294489092996556,False
3308,2699,3450,0.7823188405797101,False
3310,2035,3456,0.5888310185185185,False
3311,3451,3478,0.9922369177688327,True
3312,3175,3453,0.9194902982913409,True
3313,2545,3485,0.7302725968436155,False
3315,957,1331,0.71900826446281,False
3317,3028,3486,0.8686173264486517,True
3321,2165,2572,0.8417573872472783,True
3322,2537,3484,0.7281859931113662,False
3323,3223,3486,0.9245553643144004,True
3324,3358,3486,0.9632816982214573,True
3325,3087,3486,0.8855421686746988,True
3332,865,2942,0.29401767505098575,False
3338,3018,3081,0.9795520934761441,True
3339,2143,3459,0.6195432205839838,False
3346,2337,2342,0.997865072587532,True
3349,462,1033,0.44724104549854793,False
3354,2216,3460,0.6404624277456648,False
3356,3467,3480,0.996264367816092,True
3357,1278,1281,0.9976580796252927,True
3360,2925,3486,0.8390705679862306,True
3362,3081,3486,0.8838209982788297,True
3363,3119,3486,0.8947217441193345,True
3372,2663,3480,0.7652298850574712,False
3373,2645,3486,0.7587492828456683,False
3374,2762,2767,0.9981929887965305,True
3376,3486,3486,1.0,True
3379,2238,3486,0.6419965576592083,False
3380,3476,3478,0.9994249568717654,True
3383,1501,2548,0.5890894819466248,False
3388,2855,3486,0.8189902467010901,True
3390,3185,3486,0.9136546184738956,True
3402,2893,3486,0.8298909925415949,True
3406,3485,3486,0.9997131382673551,True
3413,2680,2685,0.9981378026070763,True
3416,2609,2806,0.9297933000712758,True
3419,3441,3486,0.9870912220309811,True
3426,743,2378,0.31244743481917575,False
3430,927,942,0.9840764331210191,True
3432,2984,3477,0.8582111015243026,True
3434,1591,3218,0.4944064636420137,False
3437,2939,2944,0.9983016304347826,True
3438,2724,3479,0.7829836159816039,False
3441,3067,3486,0.8798049340218015,True
3443,3486,3486,1.0,True
3444,2249,3473,0.647566945004319,False
3447,873,874,0.9988558352402745,True
3450,3485,3486,0.9997131382673551,True
3454,3391,3394,0.9991160872127284,True
3455,3380,3485,0.96987087517934,True
3465,1287,3120,0.4125,False
3466,1829,3379,0.5412844036697247,False
3467,317,331,0.9577039274924471,True
3474,1130,1131,0.9991158267020336,True
3479,3336,3486,0.9569707401032702,True
3481,3465,3465,1.0,True
3483,3032,3486,0.8697647733792312,True
3484,3064,3486,0.8789443488238669,True
3485,61,61,1.0,True
3489,2151,3468,0.620242214532872,False
3490,3071,3480,0.8824712643678161,True
3491,3461,3484,0.993398392652124,True
3492,2135,2730,0.782051282051282,False
3494,2982,3472,0.8588709677419355,True
3498,3293,3480,0.9462643678160919,True
3499,2518,3485,0.7225251076040172,False
3501,3475,3486,0.9968445209409065,True
3504,3481,3486,0.9985656913367756,True
3508,3433,3486,0.9847963281698221,True
3511,2623,3485,0.7526542324246772,False
3512,2220,3482,0.6375646180356117,False
3514,1572,1573,0.9993642720915448,True
3515,3444,3486,0.9879518072289156,True
3516,2005,3456,0.5801504629629629,False
3518,3374,3486,0.9678714859437751,True
3519,1704,1720,0.9906976744186047,True
3520,2770,3477,0.7966637906241012,False
3521,2037,3449,0.5906059727457234,False
3522,2670,3480,0.7672413793103449,False
3523,1721,3451,0.4986960301361924,False
3526,3191,3479,0.9172175912618569,True
3527,3364,3486,0.9650028686173264,True
3528,2127,2489,0.8545600642828445,True
3529,3479,3486,0.9979919678714859,True
3530,1953,1958,0.9974463738508682,True
3531,1540,3393,0.4538756262894194,False
3532,3471,3479,0.9977004886461627,True
3533,3484,3486,0.9994262765347103,True
3535,3432,3486,0.9845094664371773,True
3536,1431,2639,0.5422508525956802,False
3537,2970,3485,0.8522238163558106,True
3540,3044,3486,0.8732071141709696,True
3541,3101,3486,0.8895582329317269,True
3543,1483,1533,0.9673842139595564,True
3545,3469,3470,0.9997118155619596,True
3546,3271,3486,0.938324727481354,True
3548,3383,3486,0.9704532415375788,True
3550,3107,3485,0.891535150645624,True
3551,3199,3485,0.9179340028694405,True
3552,3477,3486,0.9974182444061962,True
3555,1516,3412,0.44431418522860494,False
3556,3451,3486,0.9899598393574297,True
3557,3182,3460,0.9196531791907514,True
3558,3059,3070,0.9964169381107492,True
3559,1254,1309,0.957983193277311,True
3561,1571,1573,0.9987285441830897,True
3563,1784,1784,1.0,True
3564,2119,3079,0.6882104579408899,False
3567,2589,3483,0.7433247200689062,False
3570,1701,3469,0.49034303833957915,False
3573,1007,1022,0.9853228962818004,True
3576,3478,3478,1.0,True
3577,2064,3478,0.5934445083381253,False
3579,1643,1758,0.934584755403868,True
3580,2754,3479,0.7916067835584938,False
3581,2050,2794,0.733715103793844,False
3583,3243,3272,0.9911369193154034,True
3584,963,969,0.9938080495356038,True
3587,3351,3485,0.9615494978479197,True
3588,3397,3486,0.974469305794607,True
3591,3431,3486,0.9842226047045324,True
3592,1104,1104,1.0,True
3593,2662,3472,0.7667050691244239,False
3594,2773,3235,0.8571870170015456,True
3596,3485,3486,0.9997131382673551,True
3597,1297,1551,0.8362346872985171,True
3598,1000,1003,0.9970089730807578,True
3599,251,261,0.9616858237547893,True
3605,3477,3486,0.9974182444061962,True
3607,3454,3486,0.9908204245553643,True
3609,1603,3362,0.4767995240928019,False
3611,3421,3486,0.9813539873780838,True
3615,3233,3476,0.9300920598388953,True
3617,3446,3486,0.9885255306942053,True
3622,3467,3486,0.9945496270797476,True
3623,2753,3469,0.7936004612280196,False
3624,3273,3486,0.9388984509466437,True
3625,2808,3486,0.8055077452667814,True
3628,2467,3480,0.7089080459770115,False
3629,444,3082,0.14406229720960415,False
3630,3466,3485,0.9945480631276901,True
3631,2398,3439,0.6972957255015994,False
3632,1513,3479,0.4348950847944812,False
3638,581,585,0.9931623931623932,True
3645,3473,3486,0.9962707974756168,True
3646,2294,3482,0.6588167719701321,False
3652,930,934,0.9957173447537473,True
3653,3481,3486,0.9985656913367756,True
3661,2863,2868,0.9982566248256625,True
3663,2307,3343,0.6900987137301825,False
3664,2525,3471,0.7274560645347162,False
3665,3470,3484,0.9959816303099885,True
3666,2468,2841,0.8687082013375572,True
3669,2971,3486,0.8522662076878944,True
3672,1589,2754,0.5769789397240378,False
3673,3486,3486,1.0,True
3675,2523,3438,0.7338568935427574,False
3679,3287,3479,0.9448117275079045,True
3680,3260,3486,0.9351692484222605,True
3682,2673,2835,0.9428571428571428,True
3684,1161,2998,0.38725817211474317,False
3685,2422,3479,0.6961770623742455,False
3686,3253,3471,0.937193892250072,True
3687,3153,3486,0.9044750430292599,True
3689,3294,3367,0.9783189783189783,True
3691,3484,3486,0.9994262765347103,True
3693,2680,3090,0.8673139158576052,True
3694,3428,3486,0.9833620195065979,True
3697,428,428,1.0,True
3698,2127,2127,1.0,True
3701,1852,3361,0.551026480214222,False
3702,3479,3479,1.0,True
3703,3474,3486,0.9965576592082617,True
3704,3476,3479,0.999137683242311,True
3705,3471,3486,0.995697074010327,True
3706,3144,3145,0.9996820349761526,True
3707,2736,2886,0.9480249480249481,True
3708,2414,2416,0.9991721854304636,True
3709,1522,2145,0.7095571095571096,False
3710,1888,2087,0.9046478198370868,True
3711,2011,2011,1.0,True
3712,1900,1902,0.9989484752891693,True
3713,1271,1564,0.8126598465473146,True
3714,1350,1350,1.0,True
3715,952,952,1.0,True
3716,462,463,0.9978401727861771,True
3717,232,232,1.0,True
4102,2379,3484,0.6828358208955224,False
4104,3469,3486,0.9951233505450373,True
4105,3482,3486,0.9988525530694206,True
4106,3390,3486,0.9724612736660929,True
4107,3454,3477,0.993385102099511,True
4108,3454,3486,0.9908204245553643,True
4109,2903,3480,0.8341954022988506,True
4111,2766,3486,0.7934595524956971,False
4113,3182,3486,0.912794033275961,True
4114,3456,3485,0.9916786226685796,True
4116,1907,2587,0.7371472748357171,False
4119,3465,3486,0.9939759036144579,True
4120,3281,3485,0.9414634146341463,True
4121,2655,3486,0.7616179001721171,False
4123,3469,3484,0.9956946039035591,True
4126,3460,3486,0.9925415949512335,True
4127,2600,3485,0.7460545193687231,False
4128,3444,3485,0.9882352941176471,True
4129,3367,3486,0.9658634538152611,True
4130,3420,3477,0.9836065573770492,True
4131,687,3327,0.20649233543733092,False
4133,3200,3486,0.9179575444635686,True
4137,3093,3093,1.0,True
4138,2500,3486,0.7171543316121629,False
4139,1688,3478,0.48533640023001723,False
4141,2359,2449,0.9632503062474479,True
4142,3469,3485,0.9954088952654232,True
4144,2052,2082,0.9855907780979827,True
4147,2599,2604,0.9980798771121352,True
4148,2165,2231,0.9704168534289557,True
4153,2647,3217,0.8228162884675163,True
4154,1325,3359,0.3944626376897886,False
4155,1985,2105,0.9429928741092637,True
4157,3043,3057,0.995420346745175,True
4160,1806,3388,0.5330578512396694,False
4161,2677,3200,0.8365625,True
4162,3384,3388,0.9988193624557261,True
4163,3198,3347,0.9554825216611891,True
4164,3354,3363,0.9973238180196253,True
4166,228,228,1.0,True
4167,2621,2656,0.9868222891566265,True
4168,2956,3324,0.8892900120336944,True
4169,78,79,0.9873417721518988,True
4171,2297,2913,0.7885341572262272,False
4173,2537,3112,0.8152313624678663,True
4174,2754,2766,0.9956616052060737,True
4175,1783,2977,0.598925092374874,False
4178,63,64,0.984375,True
4183,476,2148,0.22160148975791433,False
4188,1660,2771,0.5990617105738001,False
4190,2596,2627,0.9881994670727066,True
4192,1352,2846,0.47505270555165147,False
4195,58,58,1.0,True
4198,877,2769,0.3167208378475984,False
4205,1533,3484,0.4400114810562572,False
4207,2657,3486,0.7621916236374068,False
4303,2050,3459,0.5926568372361954,False
4304,629,3286,0.19141813755325623,False
4305,650,3200,0.203125,False
4306,3454,3477,0.993385102099511,True
4401,3427,3486,0.9830751577739529,True
4402,1834,3403,0.5389362327358214,False
4406,1247,3185,0.39152276295133437,False
4413,913,2395,0.3812108559498956,False
4414,3190,3273,0.9746410021387106,True
4416,949,3003,0.31601731601731603,False
4417,2962,3486,0.8496844520940906,True
4419,320,2850,0.11228070175438597,False
4420,1720,3383,0.5084244753177652,False
4426,3386,3486,0.9713138267355135,True
4430,1765,3474,0.5080598733448475,False
4432,2740,3340,0.8203592814371258,True
4433,1987,2848,0.6976825842696629,False
4438,2383,2386,0.998742665549036,True
4439,1425,1607,0.8867454884878656,True
4440,1143,1156,0.9887543252595156,True
4441,214,215,0.9953488372093023,True
4442,471,646,0.7291021671826625,False
4502,1824,3414,0.5342706502636204,False
4503,2104,3463,0.607565694484551,False
4506,3074,3479,0.8835872377119862,True
4510,2601,3486,0.7461273666092944,False
4513,2390,3480,0.6867816091954023,False
4523,2449,3480,0.703735632183908,False
4526,3461,3486,0.9928284566838784,True
4527,2004,3476,0.5765247410817032,False
4528,3060,3486,0.8777969018932874,True
4529,2196,3484,0.6303099885189437,False
4530,1035,3290,0.31458966565349544,False
4532,3484,3486,0.9994262765347103,True
4533,2851,3486,0.8178427997705107,True
4534,2539,3449,0.7361554073644535,False
4535,1661,3473,0.4782608695652174,False
4536,3068,3127,0.9811320754716981,True
4538,994,1809,0.5494748479823107,False
4540,1933,1936,0.9984504132231405,True
4541,2385,2935,0.8126064735945485,True
4542,1325,2813,0.4710273729114824,False
4543,1518,2498,0.6076861489191353,False
4545,2369,2574,0.9203574203574204,True
4549,2666,2846,0.9367533380182712,True
4550,1606,2757,0.5825172288719622,False
4551,2666,2677,0.9958909226746357,True
4552,2432,2446,0.9942763695829926,True
4554,1293,2416,0.535182119205298,False
4555,2193,2624,0.8357469512195121,True
4556,882,2412,0.3656716417910448,False
4557,2391,2635,0.9074003795066413,True
4558,853,1061,0.8039585296889726,True
4560,2204,2239,0.9843680214381421,True
4561,1493,1981,0.7536597677940434,False
4562,1751,2176,0.8046875,True
4563,1529,1949,0.78450487429451,False
4564,1802,1802,1.0,True
4566,1944,2062,0.9427740058195926,True
4568,932,1855,0.5024258760107817,False
4569,647,727,0.889958734525447,True
4571,1546,1668,0.9268585131894485,True
4572,1647,1674,0.9838709677419355,True
4576,1654,1678,0.9856972586412396,True
4577,947,1002,0.9451097804391217,True
4580,1477,1595,0.9260188087774295,True
4581,1210,1546,0.7826649417852523,False
4582,49,49,1.0,True
4583,976,1029,0.9484936831875608,True
4584,289,897,0.3221850613154961,False
4585,202,202,1.0,True
4588,602,604,0.9966887417218543,True
4590,119,119,1.0,True
4609,643,3267,0.1968166513621059,False
4702,2397,3476,0.6895857307249712,False
4706,1207,3430,0.35189504373177843,False
4707,2835,3486,0.8132530120481928,True
4711,1534,3443,0.4455416787685158,False
4712,1578,2742,0.5754923413566739,False
4714,2816,3485,0.8080344332855093,True
4716,2557,3486,0.7335054503729203,False
4720,2076,2709,0.7663344407530454,False
4721,3064,3486,0.8789443488238669,True
4722,3306,3412,0.9689331770222743,True
4725,2072,2133,0.9714017815283638,True
4726,2757,3073,0.8971688903351773,True
4728,3171,3486,0.9096385542168675,True
4729,2593,3477,0.7457578372159908,False
4733,1040,1062,0.9792843691148776,True
4735,2887,3484,0.8286452353616532,True
4736,629,629,1.0,True
4737,2999,3485,0.860545193687231,True
4739,2165,2165,1.0,True
4741,1170,2125,0.5505882352941176,False
4743,3415,3482,0.9807581849511775,True
4744,1717,1959,0.8764675855028076,True
4745,2985,3292,0.9067436208991495,True
4746,3477,3485,0.9977044476327116,True
4747,1493,3005,0.49683860232945093,False
4749,370,370,1.0,True
4754,983,2354,0.4175870858113849,False
4755,2625,3089,0.8497895759145354,True
4760,1688,1792,0.9419642857142857,True
4763,2601,2608,0.9973159509202454,True
4764,1792,2069,0.8661188980183664,True
4766,1861,1862,0.9994629430719656,True
4767,510,1748,0.2917620137299771,False
4768,1045,1046,0.9990439770554493,True
4770,1115,1115,1.0,True
4771,577,577,1.0,True
4772,449,449,1.0,True
4804,1475,2401,0.6143273635985006,False
4806,731,2373,0.3080488832701222,False
4807,1688,2215,0.762076749435666,False
4903,2586,3480,0.743103448275862,False
4904,3485,3486,0.9997131382673551,True
4905,1736,3360,0.5166666666666667,False
4906,3485,3486,0.9997131382673551,True
4907,1663,3166,0.5252684775742261,False
4908,2933,3486,0.8413654618473896,True
4909,3154,3486,0.9047619047619048,True
4911,2194,3478,0.6308223116733755,False
4912,2697,2732,0.9871888726207906,True
4915,3374,3375,0.9997037037037036,True
4916,3079,3097,0.9941879237972231,True
4919,3482,3485,0.9991391678622669,True
4923,1019,1066,0.9559099437148217,True
4924,2434,3472,0.701036866359447,False
4927,2654,2656,0.9992469879518072,True
4930,3271,3470,0.9426512968299712,True
4931,1636,1670,0.9796407185628743,True
4933,3218,3486,0.9231210556511761,True
4934,3464,3479,0.995688416211555,True
4935,3485,3486,0.9997131382673551,True
4938,3485,3485,1.0,True
4939,3221,3485,0.9242467718794835,True
4942,3387,3486,0.9716006884681584,True
4943,1658,2361,0.7022448115205422,False
4945,1129,1496,0.7546791443850267,False
4946,2354,3466,0.6791690709751875,False
4949,541,542,0.9981549815498155,True
4950,1830,3112,0.5880462724935732,False
4951,900,904,0.995575221238938,True
4952,3466,3486,0.9942627653471027,True
4953,2573,3064,0.8397519582245431,True
4956,3384,3486,0.9707401032702238,True
4958,3485,3485,1.0,True
4960,3468,3479,0.9968381718884737,True
4961,1885,1886,0.9994697773064687,True
4966,3482,3485,0.9991391678622669,True
4967,1807,1824,0.9906798245614035,True
4968,2610,2611,0.9996170049789352,True
4971,3101,3180,0.9751572327044025,True
4972,2053,3206,0.640361821584529,False
4973,2787,3451,0.8075920023181686,True
4974,3323,3486,0.953241537578887,True
4976,3188,3344,0.9533492822966507,True
4977,3093,3097,0.998708427510494,True
4979,3469,3486,0.9951233505450373,True
4984,1513,1556,0.9723650385604113,True
4987,1563,3417,0.45741878841088673,False
4989,1961,1963,0.9989811512990321,True
4991,2810,2897,0.969968933379358,True
4994,2979,3066,0.9716242661448141,True
4995,1834,3465,0.5292929292929293,False
4999,3184,3216,0.9900497512437811,True
5007,3436,3486,0.9856569133677567,True
5009,3479,3485,0.9982783357245337,True
5011,1609,3277,0.49099786389990846,False
5013,1873,3451,0.5427412344248044,False
5014,2571,3486,0.7375215146299484,False
5015,2355,3486,0.6755593803786575,False
5016,1085,3401,0.3190238165245516,False
5201,2212,3466,0.638199653779573,False
5202,1858,3445,0.5393323657474601,False
5203,3473,3486,0.9962707974756168,True
5205,178,2752,0.06468023255813954,False
5206,2036,3439,0.5920325676068625,False
5209,1288,3403,0.3784895680282104,False
5210,1954,3475,0.5623021582733813,False
5211,2200,3486,0.6310958118187033,False
5212,1618,3422,0.472822910578609,False
5213,3238,3471,0.9328723710746183,True
5215,3173,3485,0.9104734576757533,True
5220,1714,2012,0.8518886679920478,True
5222,1157,1157,1.0,True
5223,1678,1961,0.8556858745537991,True
5225,3063,3354,0.9132379248658319,True
5227,2960,3057,0.9682695453058554,True
5228,765,993,0.770392749244713,False
5230,3047,3462,0.8801270941652224,True
5234,3369,3433,0.981357413341101,True
5236,1216,1216,1.0,True
5243,3088,3095,0.9977382875605816,True
5244,1075,1096,0.9808394160583942,True
5245,2487,2729,0.9113228288750458,True
5251,2199,3338,0.6587777112043139,False
5258,2182,2333,0.9352764680668667,True
5259,587,1657,0.35425467712733855,False
5263,3158,3323,0.9503460728257599,True
5264,1947,1947,1.0,True
5269,3271,3327,0.9831680192365494,True
5272,3023,3218,0.9394033561218148,True
5274,3217,3238,0.993514515132798,True
5276,610,2707,0.2253417066863687,False
5278,1864,3192,0.5839598997493735,False
5280,277,277,1.0,True
5283,1742,1749,0.9959977129788451,True
5284,1805,2288,0.7888986013986014,False
5285,2789,3034,0.9192485168094924,True
5287,2974,3044,0.9770039421813403,True
5288,2844,2890,0.9840830449826989,True
5289,3085,3093,0.9974135143873262,True
5291,2065,2824,0.7312322946175638,False
5292,649,652,0.995398773006135,True
5299,2064,2071,0.9966199903428296,True
5301,1477,3308,0.44649334945586455,False
5302,2256,3484,0.6475315729047072,False
5305,2091,2097,0.9971387696709585,True
5306,1070,1070,1.0,True
5309,3175,3481,0.9120942257971847,True
5310,1317,3453,0.3814074717636838,False
5312,2771,3483,0.7955785242606948,False
5314,1130,3464,0.3262124711316397,False
5315,2986,3476,0.8590333716915995,True
5321,1765,3408,0.5178990610328639,False
5324,2103,3486,0.6032702237521514,False
5328,2632,3476,0.757192174913694,False
5340,2400,3475,0.6906474820143885,False
5344,1697,3464,0.4898960739030023,False
5345,712,3432,0.20745920745920746,False
5347,3481,3485,0.9988522238163559,True
5348,418,3073,0.1360234298730882,False
5351,3412,3479,0.9807415924116125,True
5353,2011,3469,0.5797059671375036,False
5355,2305,3486,0.6612162937464142,False
5356,3409,3481,0.979316288422867,True
5364,939,3168,0.29640151515151514,False
5371,3460,3466,0.9982688978649741,True
5381,1165,3451,0.33758330918574325,False
5383,1588,2944,0.5394021739130435,False
5386,2269,3219,0.7048772910841876,False
5388,3486,3486,1.0,True
5392,3429,3485,0.9839311334289813,True
5398,2102,3461,0.6073389193874603,False
5403,2618,3477,0.7529479436295657,False
5410,2983,3486,0.8557085484796328,True
5425,3475,3486,0.9968445209409065,True
5426,2552,3486,0.7320711417096959,False
5432,1442,3355,0.42980625931445604,False
5434,3484,3486,0.9994262765347103,True
5438,2313,3485,0.6637015781922525,False
5439,2772,3486,0.7951807228915663,False
5443,3307,3486,0.9486517498565691,True
5450,2126,3475,0.6117985611510791,False
5452,2744,3486,0.7871485943775101,False
5455,441,2975,0.14823529411764705,False
5457,3270,3478,0.9401955146635997,True
5460,1708,3472,0.49193548387096775,False
5464,1882,3482,0.5404939689833429,False
5465,2313,3456,0.6692708333333334,False
5468,1044,3376,0.30924170616113744,False
5469,3471,3478,0.9979873490511788,True
5471,3479,3486,0.9979919678714859,True
5474,3107,3483,0.8920470858455355,True
5475,2760,3471,0.7951598962834918,False
5478,3476,3484,0.9977037887485649,True
5481,2533,3380,0.7494082840236687,False
5483,3481,3485,0.9988522238163559,True
5484,2820,3473,0.811978116901814,True
5487,1532,3439,0.4454783367257924,False
5488,2135,3486,0.6124497991967871,False
5489,2502,3484,0.7181400688863375,False
5490,3399,3486,0.9750430292598967,True
5493,1914,3474,0.5509499136442142,False
5498,2786,3485,0.7994261119081779,False
5508,3411,3486,0.9784853700516352,True
5511,2705,3466,0.7804385458742066,False
5512,3476,3486,0.9971313826735514,True
5514,1541,3455,0.4460202604920405,False
5515,3372,3475,0.9703597122302158,True
5516,1287,3265,0.39418070444104136,False
5519,2803,3047,0.9199212340006564,True
5520,564,3418,0.16500877706260972,False
5521,3306,3324,0.9945848375451264,True
5522,3483,3486,0.9991394148020654,True
5523,1766,3441,0.5132229003196745,False
5525,3197,3477,0.9194708081679609,True
5529,2092,3471,0.602708153269951,False
5530,3477,3486,0.9974182444061962,True
5531,3472,3486,0.9959839357429718,True
5533,3341,3486,0.9584050487664946,True
5534,3486,3486,1.0,True
5536,3426,3479,0.9847657372808278,True
5538,2445,3053,0.8008516213560433,True
5543,1160,2331,0.4976404976404976,False
5546,1383,1509,0.9165009940357853,True
5547,60,116,0.5172413793103449,False
5548,500,577,0.8665511265164645,True
5601,495,2533,0.19542045005921832,False
5603,1945,3480,0.5589080459770115,False
5604,1761,3441,0.5117698343504795,False
5607,3305,3486,0.9480780263912794,True
5608,3447,3480,0.9905172413793103,True
5609,3093,3486,0.887263339070568,True
5701,1263,3473,0.3636625395911316,False
5703,585,2880,0.203125,False
5704,1453,3225,0.4505426356589147,False
5706,3048,3486,0.8743545611015491,True
5864,1650,2026,0.8144126357354393,True
5871,3486,3486,1.0,True
5876,1891,1891,1.0,True
5878,235,2689,0.08739308293045742,False
5880,3485,3486,0.9997131382673551,True
5902,1510,3415,0.44216691068814057,False
5903,3415,3486,0.9796328169822146,True
5904,3474,3484,0.9971297359357061,True
5905,3138,3486,0.9001721170395869,True
5906,1979,3375,0.5863703703703703,False
5907,3449,3461,0.9965327939901762,True
6005,3479,3486,0.9979919678714859,True
6015,3236,3486,0.9282845668387837,True
6016,3399,3486,0.9750430292598967,True
6020,830,3484,0.23823191733639495,False
6021,2395,3461,0.6919965327939902,False
6023,2791,3486,0.8006310958118187,True
6024,2140,2141,0.9995329285380663,True
6026,2315,2554,0.9064212999216915,True
6028,41,85,0.4823529411764706,False
6101,2077,3462,0.5999422299248989,False
6103,96,2831,0.033910279053338044,False
6104,3418,3486,0.9804934021801491,True
6108,3455,3484,0.9916762342135477,True
6109,1983,3455,0.5739507959479015,False
6111,2728,3416,0.7985948477751756,False
6112,3362,3486,0.9644291451520367,True
6113,2169,3482,0.6229178632969558,False
6114,2215,3183,0.6958843857995601,False
6115,3434,3485,0.9853658536585366,True
6116,3470,3476,0.9982738780207134,True
6117,2472,3475,0.7113669064748201,False
6118,2590,3486,0.7429718875502008,False
6120,3473,3479,0.998275366484622,True
6121,3471,3476,0.9985615650172612,True
6122,2093,3483,0.6009187482055699,False
6123,3112,3486,0.8927137119908204,True
6124,1940,3458,0.5610179294389821,False
6125,3340,3486,0.9581181870338497,True
6126,3158,3485,0.9061692969870875,True
6127,2990,3486,0.8577165806081469,True
6128,3169,3485,0.909325681492109,True
6129,3246,3486,0.9311531841652324,True
6130,1782,3443,0.5175718849840255,False
6131,1313,1832,0.7167030567685589,False
6133,2807,3476,0.8075373993095513,True
6134,2282,3477,0.6563129134311187,False
6136,3256,3486,0.934021801491681,True
6138,3397,3472,0.9783986175115207,True
6139,3460,3486,0.9925415949512335,True
6140,1698,3309,0.5131459655485041,False
6141,3218,3479,0.9249784420810577,True
6142,3455,3481,0.9925308819304798,True
6143,3467,3486,0.9945496270797476,True
6144,658,2723,0.2416452442159383,False
6145,1546,1564,0.9884910485933504,True
6146,3468,3486,0.9948364888123924,True
6147,3482,3486,0.9988525530694206,True
6148,2323,3473,0.6688741721854304,False
6150,3017,3468,0.8699538638985006,True
6151,2576,3486,0.7389558232931727,False
6152,3377,3486,0.9687320711417097,True
6153,3484,3485,0.999713055954089,True
6154,1294,3483,0.37151880562733275,False
6155,2974,3485,0.8533715925394548,True
6156,2433,3461,0.7029760184917654,False
6158,2998,3482,0.8609994256174612,True
6160,2615,3486,0.7501434308663224,False
6161,3001,3473,0.8640944428448027,True
6163,3179,3486,0.9119334480780263,True
6164,3276,3479,0.9416498993963782,True
6165,3031,3474,0.8724812895797351,True
6166,3477,3486,0.9974182444061962,True
6167,2577,3479,0.7407300948548433,False
6168,3472,3486,0.9959839357429718,True
6169,2246,3480,0.6454022988505748,False
6170,3017,3486,0.8654618473895582,True
6171,1805,3377,0.5344980752146876,False
6172,611,2293,0.2664631487134758,False
6173,3296,3478,0.9476710753306498,True
6174,2126,3476,0.6116225546605294,False
6175,3059,3486,0.8775100401606426,True
6176,3486,3486,1.0,True
6177,3135,3174,0.9877126654064272,True
6179,2395,3465,0.6911976911976911,False
6180,3445,3486,0.9882386689615605,True
6182,3480,3486,0.9982788296041308,True
6183,3104,3486,0.8904188181296615,True
6184,3226,3486,0.9254159495123351,True
6185,3132,3485,0.8987087517934003,True
6186,2609,3480,0.7497126436781609,False
6187,3243,3486,0.9302925989672978,True
6188,3472,3486,0.9959839357429718,True
6189,3465,3486,0.9939759036144579,True
6190,2662,3485,0.763845050215208,False
6191,3469,3480,0.9968390804597701,True
6192,3464,3471,0.9979832901181216,True
6194,2001,3462,0.5779896013864818,False
6195,2737,3484,0.7855912743972445,False
6196,3473,3486,0.9962707974756168,True
6197,3462,3476,0.9959723820483314,True
6198,907,3337,0.27180101887923286,False
6199,809,2157,0.3750579508576727,False
6201,2553,3483,0.7329888027562446,False
6202,3479,3486,0.9979919678714859,True
6203,2697,3485,0.7738880918220947,False
6204,1677,3476,0.4824510932105869,False
6205,3160,3486,0.9064830751577739,True
6206,3481,3486,0.9985656913367756,True
6207,3088,3479,0.8876113825812015,True
6208,3275,3472,0.9432603686635944,True
6209,3479,3486,0.9979919678714859,True
6210,2152,3475,0.6192805755395684,False
6212,802,3014,0.2660915726609157,False
6213,3486,3486,1.0,True
6214,3482,3486,0.9988525530694206,True
6215,3324,3485,0.9538020086083214,True
6216,3236,3486,0.9282845668387837,True
6217,3257,3486,0.9343086632243259,True
6218,1914,3484,0.5493685419058554,False
6219,2545,3471,0.7332180927686546,False
6220,3237,3485,0.9288378766140603,True
6221,2300,3467,0.6633977502163253,False
6222,924,3087,0.29931972789115646,False
6223,3476,3486,0.9971313826735514,True
6224,3464,3485,0.993974175035868,True
6225,271,3401,0.07968244633931197,False
6226,3320,3478,0.9545715928694652,True
6227,2666,3483,0.7654320987654321,False
6228,1815,3425,0.5299270072992701,False
6229,2291,3483,0.6577662934252082,False
6230,3478,3486,0.9977051061388411,True
6231,3168,3486,0.9087779690189329,True
6233,3067,3486,0.8798049340218015,True
6234,2784,3486,0.7986230636833046,False
6235,3408,3486,0.9776247848537005,True
6236,85,2062,0.04122211445198836,False
6237,3041,3486,0.872346528973035,True
6239,3486,3486,1.0,True
6240,1456,2436,0.5977011494252874,False
6241,1479,3403,0.4346165148398472,False
6242,798,2745,0.2907103825136612,False
6243,3345,3481,0.960930767020971,True
6244,3474,3479,0.9985628054038517,True
6245,3481,3486,0.9985656913367756,True
6246,1969,3464,0.5684180138568129,False
6248,1622,3341,0.4854833882071236,False
6251,2509,2518,0.9964257347100873,True
6257,3485,3486,0.9997131382673551,True
6259,1106,3381,0.32712215320910976,False
6261,3476,3486,0.9971313826735514,True
6263,2850,3486,0.8175559380378657,True
6264,1472,3468,0.4244521337946944,False
6265,2371,3486,0.6801491681009754,False
6266,2698,3485,0.7741750358680057,False
6269,3486,3486,1.0,True
6270,2247,3486,0.6445783132530121,False
6271,3471,3471,1.0,True
6272,145,145,1.0,True
6274,3465,3486,0.9939759036144579,True
6275,2663,3484,0.7643513203214696,False
6276,2432,3438,0.7073880162885399,False
6277,3476,3486,0.9971313826735514,True
6278,3483,3486,0.9991394148020654,True
6279,3467,3486,0.9945496270797476,True
6281,3317,3486,0.9515203671830178,True
6282,3485,3485,1.0,True
6283,3366,3476,0.9683544303797469,True
6284,3319,3479,0.9540097729232538,True
6285,3486,3486,1.0,True
6286,979,979,1.0,True
6287,170,3082,0.05515898767034393,False
6288,2061,3157,0.6528349699081406,False
6289,653,2542,0.25688434303697877,False
6290,3473,3486,0.9962707974756168,True
6291,1033,3255,0.317357910906298,False
6292,2005,3481,0.5759839126687734,False
6294,2191,3443,0.6363636363636364,False
6404,1180,2473,0.47715325515568136,False
6405,2650,3091,0.8573277256551278,True
6409,3009,3012,0.999003984063745,True
6411,2977,3027,0.9834819953749587,True
6412,3099,3106,0.9977462974887314,True
6414,3012,3012,1.0,True
6415,3076,3077,0.9996750081247969,True
6416,2018,2021,0.9985155863433943,True
6417,1384,2563,0.5399921966445571,False
6418,1436,1804,0.7960088691796009,False
6419,1442,2785,0.5177737881508079,False
6422,836,1006,0.831013916500994,True
6423,124,124,1.0,True
6425,1520,1818,0.8360836083608361,True
6426,1303,1303,1.0,True
6431,2234,2836,0.7877291960507757,False
6432,2178,2730,0.7978021978021979,False
6435,2508,2573,0.9747376603186941,True
6438,1340,1340,1.0,True
6441,1809,2147,0.8425710293432697,True
6442,2511,2685,0.9351955307262569,True
6443,2621,2635,0.9946869070208728,True
6446,606,606,1.0,True
6449,2773,2838,0.9770965468639887,True
6451,2805,2805,1.0,True
6452,1320,1323,0.9977324263038548,True
6456,2716,2716,1.0,True
6457,1671,2568,0.6507009345794392,False
6461,1828,2032,0.8996062992125984,True
6462,2579,2582,0.9988381099922541,True
6464,1958,2499,0.7835134053621449,False
6465,1334,2566,0.5198752922837101,False
6469,2148,2521,0.8520428401428005,True
6470,2453,2619,0.9366170294005346,True
6472,630,630,1.0,True
6474,115,163,0.7055214723926381,False
6477,2337,2466,0.9476885644768857,True
6482,949,2245,0.42271714922049,False
6485,2408,2609,0.9229589881180529,True
6486,2260,2401,0.941274468971262,True
6488,2638,2642,0.9984859954579863,True
6491,1649,1657,0.9951719975859988,True
6492,2107,2261,0.9318885448916409,True
6494,2259,2495,0.9054108216432866,True
6496,1903,2572,0.7398911353032659,False
6498,292,294,0.9931972789115646,True
6499,2045,2441,0.8377714051618189,True
6504,3195,3235,0.9876352395672334,True
6505,3486,3486,1.0,True
6506,2088,3484,0.5993111366245695,False
6508,2383,3486,0.6835915088927137,False
6509,3392,3486,0.9730349971313826,True
6510,2521,2525,0.9984158415841584,True
6512,661,2483,0.2662102295610149,False
6514,1491,2151,0.6931659693165969,False
6515,1336,1340,0.9970149253731343,True
6516,1418,1763,0.8043108338060124,True
6517,872,874,0.9977116704805492,True
6523,2264,2468,0.9173419773095624,True
6525,2512,2514,0.9992044550517104,True
6526,675,675,1.0,True
6527,960,1600,0.6,False
6530,1551,2058,0.7536443148688047,False
6531,2457,2472,0.9939320388349514,True
6532,2286,2399,0.952897040433514,True
6533,2282,2289,0.9969418960244648,True
6534,614,629,0.9761526232114467,True
6535,2101,2397,0.8765123070504798,True
6538,1925,2365,0.813953488372093,True
6541,2112,2125,0.9938823529411764,True
6542,1417,2295,0.6174291938997821,False
6546,1017,1018,0.9990176817288802,True
6547,1920,2019,0.950965824665676,True
6548,2352,2391,0.9836888331242158,True
6550,1009,1009,1.0,True
6552,2301,2321,0.99138302455838,True
6556,813,2116,0.3842155009451796,False
6558,1858,1858,1.0,True
6560,1804,2315,0.7792656587473002,False
6561,1962,1986,0.9879154078549849,True
6568,2326,2335,0.9961456102783726,True
6569,1507,2338,0.6445680068434559,False
6570,1407,2080,0.6764423076923077,False
6573,2040,2152,0.9479553903345725,True
6574,391,1900,0.20578947368421052,False
6576,1927,1969,0.97866937531742,True
6577,1662,2272,0.7315140845070423,False
6578,1532,1912,0.801255230125523,True
6579,2052,2176,0.9430147058823529,True
6581,1982,2065,0.9598062953995158,True
6582,2009,2221,0.9045475011256191,True
6584,777,779,0.9974326059050064,True
6585,1019,1020,0.9990196078431373,True
6588,890,1478,0.6021650879566982,False
6589,251,251,1.0,True
6590,738,1822,0.40504939626783754,False
6591,2065,2088,0.9889846743295019,True
6592,1614,1614,1.0,True
6593,1083,2100,0.5157142857142857,False
6596,1611,2080,0.7745192307692308,False
6597,155,296,0.5236486486486487,False
6598,1479,1495,0.9892976588628762,True
6603,2673,3486,0.7667814113597247,False
6605,3478,3486,0.9977051061388411,True
6606,794,814,0.9754299754299754,True
6609,2906,3486,0.8336201950659782,True
6612,1710,1955,0.8746803069053708,True
6613,1906,2081,0.9159058145122537,True
6614,163,164,0.9939024390243902,True
6615,785,2044,0.3840508806262231,False
6616,1345,2050,0.6560975609756098,False
6617,514,515,0.9980582524271845,True
6620,143,144,0.9930555555555556,True
6624,596,1686,0.3534994068801898,False
6625,1670,2057,0.8118619348565873,True
6629,885,1619,0.5466337245213094,False
6637,451,515,0.8757281553398059,True
6640,1162,1867,0.6223888591322978,False
6641,1423,1904,0.7473739495798319,False
6642,1309,1658,0.7895054282267793,False
6643,1823,1824,0.9994517543859649,True
6645,613,630,0.973015873015873,True
6649,1216,1736,0.7004608294930875,False
6651,1326,1332,0.9954954954954955,True
6654,1403,1880,0.7462765957446809,False
6655,1438,1831,0.7853631895139268,False
6657,757,762,0.9934383202099738,True
6658,658,665,0.9894736842105263,True
6661,283,1312,0.21570121951219512,False
6662,378,1740,0.21724137931034482,False
6664,1844,1916,0.9624217118997912,True
6666,1733,1868,0.9277301927194861,True
6667,1760,1874,0.9391675560298826,True
6668,1852,1853,0.9994603345925526,True
6669,1788,1788,1.0,True
6670,1845,1847,0.9989171629669734,True
6671,1431,1839,0.7781402936378466,False
6672,1773,1775,0.9988732394366198,True
6674,1527,1855,0.8231805929919137,True
6679,1758,1760,0.9988636363636364,True
6680,498,1496,0.33288770053475936,False
6683,1759,1771,0.9932241671372106,True
6684,1197,1206,0.9925373134328358,True
6689,940,940,1.0,True
6690,1253,1641,0.7635588056063376,False
6691,1103,1108,0.9954873646209387,True
6692,550,600,0.9166666666666666,True
6693,1068,1075,0.9934883720930232,True
6695,900,903,0.9966777408637874,True
6697,828,1558,0.5314505776636713,False
6698,1620,1624,0.9975369458128078,True
6702,1129,1169,0.9657827202737382,True
6703,1163,1405,0.8277580071174377,True
6706,1606,1606,1.0,True
6708,540,862,0.6264501160092807,False
6712,1346,1347,0.9992576095025983,True
6715,1605,1611,0.9962756052141527,True
6716,1242,1541,0.8059701492537313,True
6719,1099,1100,0.9990909090909091,True
6720,395,401,0.9850374064837906,True
6721,148,1020,0.1450980392156863,False
6722,127,128,0.9921875,True
6725,140,140,1.0,True
6727,1329,1375,0.9665454545454546,True
6728,1022,1356,0.7536873156342183,False
6730,72,153,0.47058823529411764,False
6732,1495,1496,0.9993315508021391,True
6733,1178,1334,0.8830584707646177,True
6735,745,1030,0.7233009708737864,False
6739,462,463,0.9978401727861771,True
6741,1261,1261,1.0,True
6742,641,642,0.9984423676012462,True
6743,1365,1366,0.9992679355783309,True
6747,1005,1451,0.6926257753273605,False
6751,749,1350,0.5548148148148148,False
6752,922,1332,0.6921921921921922,False
6753,824,824,1.0,True
6754,1418,1442,0.9833564493758669,True
6756,1357,1358,0.9992636229749632,True
6757,719,719,1.0,True
6761,1073,1147,0.9354838709677419,True
6762,459,1316,0.3487841945288754,False
6763,1053,1058,0.995274102079395,True
6767,661,1327,0.4981160512434062,False
6768,1282,1284,0.9984423676012462,True
6770,1127,1127,1.0,True
6771,478,536,0.8917910447761194,True
6776,1276,1298,0.9830508474576272,True
6781,1304,1305,0.9992337164750957,True
6782,887,887,1.0,True
6785,607,607,1.0,True
6788,1173,1174,0.9991482112436116,True
6789,992,992,1.0,True
6790,1173,1174,0.9991482112436116,True
6791,742,896,0.828125,True
6792,1116,1125,0.992,True
6794,449,534,0.8408239700374532,True
6796,992,1012,0.9802371541501976,True
6799,1026,1026,1.0,True
6803,3172,3486,0.9099254159495124,True
6804,849,1053,0.8062678062678063,True
6805,660,660,1.0,True
6806,1187,1340,0.8858208955223881,True
6807,895,1033,0.8664085188770572,True
6811,959,964,0.9948132780082988,True
6821,752,777,0.9678249678249679,True
6823,789,991,0.7961654894046418,False
6829,1064,1067,0.9971883786316776,True
6830,948,948,1.0,True
6831,164,164,1.0,True
6834,892,947,0.941921858500528,True
6835,886,899,0.985539488320356,True
6838,476,477,0.9979035639412998,True
6840,588,808,0.7277227722772277,False
6841,830,831,0.9987966305655837,True
6843,725,884,0.8201357466063348,True
6844,247,583,0.4236706689536878,False
6846,468,779,0.6007702182284981,False
6854,913,954,0.9570230607966457,True
6855,517,914,0.5656455142231948,False
6856,230,629,0.3656597774244833,False
6859,851,887,0.9594137542277339,True
6861,805,813,0.990159901599016,True
6862,429,430,0.9976744186046511,True
6863,817,817,1.0,True
6865,597,854,0.6990632318501171,False
6869,822,822,1.0,True
6870,687,697,0.9856527977044476,True
6872,239,343,0.6967930029154519,False
6873,446,446,1.0,True
6874,822,875,0.9394285714285714,True
6875,567,571,0.9929947460595446,True
6877,697,758,0.9195250659630607,True
6881,139,532,0.26127819548872183,False
6884,75,147,0.5102040816326531,False
6885,392,393,0.9974554707379135,True
6887,319,340,0.9382352941176471,True
6890,519,519,1.0,True
6894,529,646,0.8188854489164087,True
6895,705,714,0.9873949579831933,True
6899,427,563,0.7584369449378331,False
6901,694,694,1.0,True
6902,541,708,0.7641242937853108,False
6903,518,519,0.9980732177263969,True
6904,185,605,0.30578512396694213,False
6906,612,614,0.996742671009772,True
6907,119,119,1.0,True
6908,82,88,0.9318181818181818,True
6909,293,293,1.0,True
6910,146,152,0.9605263157894737,True
6913,441,443,0.9954853273137697,True
6914,545,546,0.9981684981684982,True
6916,620,641,0.9672386895475819,True
6918,278,280,0.9928571428571429,True
6919,437,437,1.0,True
6921,143,144,0.9930555555555556,True
6922,642,660,0.9727272727272728,True
6923,442,447,0.9888143176733781,True
6924,319,383,0.8328981723237598,True
6925,288,288,1.0,True
6928,535,537,0.9962756052141527,True
6929,255,558,0.45698924731182794,False
6931,371,372,0.9973118279569892,True
6933,661,661,1.0,True
6934,117,117,1.0,True
6936,303,309,0.9805825242718447,True
6937,637,637,1.0,True
6944,288,288,1.0,True
6945,39,39,1.0,True
6949,550,579,0.9499136442141624,True
6951,491,515,0.9533980582524272,True
6952,495,518,0.9555984555984556,True
6953,512,540,0.9481481481481482,True
6955,318,377,0.843501326259947,True
6957,509,510,0.9980392156862745,True
6958,470,472,0.9957627118644068,True
6961,108,124,0.8709677419354839,True
6962,407,407,1.0,True
6965,343,343,1.0,True
6967,363,445,0.8157303370786517,True
6968,437,476,0.9180672268907563,True
6969,429,457,0.9387308533916849,True
6971,154,199,0.7738693467336684,False
6982,389,391,0.9948849104859335,True
6983,48,48,1.0,True
6986,25,25,1.0,True
6988,368,417,0.882494004796163,True
6994,370,371,0.9973045822102425,True
6996,394,397,0.9924433249370277,True
6997,160,381,0.4199475065616798,False
7402,1236,2486,0.49718423169750603,False
7547,239,245,0.9755102040816327,True
7556,835,1396,0.5981375358166189,False
7584,349,486,0.7181069958847737,False
7610,215,215,1.0,True
7631,302,331,0.9123867069486404,True
7642,291,292,0.9965753424657534,True
7703,411,416,0.9879807692307693,True
7704,317,393,0.806615776081425,True
7705,398,407,0.9778869778869779,True
7708,121,414,0.2922705314009662,False
7709,220,343,0.641399416909621,False
7711,168,168,1.0,True
7712,376,384,0.9791666666666666,True
7713,223,349,0.6389684813753582,False
7714,359,372,0.9650537634408602,True
7715,352,372,0.946236559139785,True
7716,26,164,0.15853658536585366,False
7717,168,170,0.9882352941176471,True
7718,247,335,0.7373134328358208,False
7721,243,245,0.9918367346938776,True
7722,400,400,1.0,True
7723,300,307,0.9771986970684039,True
7728,343,344,0.997093023255814,True
7730,177,179,0.9888268156424581,True
7732,320,366,0.8743169398907104,True
7734,347,349,0.994269340974212,True
7736,329,336,0.9791666666666666,True
7738,191,191,1.0,True
7740,276,276,1.0,True
7743,96,286,0.3356643356643357,False
7744,162,162,1.0,True
7747,163,257,0.6342412451361867,False
7749,277,277,1.0,True
7750,209,209,1.0,True
7751,225,225,1.0,True
7753,191,236,0.809322033898305,True
7757,169,189,0.8941798941798942,True
7760,65,66,0.9848484848484849,True
7765,216,216,1.0,True
7767,70,151,0.46357615894039733,False
7768,60,60,1.0,True
7769,162,162,1.0,True
7770,132,151,0.8741721854304636,True
7772,59,59,1.0,True
7777,145,145,1.0,True
7780,209,209,1.0,True
7782,112,181,0.6187845303867403,False
7786,169,169,1.0,True
7788,191,191,1.0,True
7791,184,184,1.0,True
7792,120,120,1.0,True
7794,66,72,0.9166666666666666,True
7795,128,128,1.0,True
7799,211,211,1.0,True
7803,50,51,0.9803921568627451,True
7805,145,145,1.0,True
7810,144,144,1.0,True
7811,70,88,0.7954545454545454,False
7818,52,53,0.9811320754716981,True
7819,45,46,0.9782608695652174,True
7820,67,67,1.0,True
7821,72,72,1.0,True
7822,85,85,1.0,True
7823,109,114,0.956140350877193,True
7827,44,44,1.0,True
7828,70,70,1.0,True
7839,26,33,0.7878787878787878,False
7842,55,58,0.9482758620689655,True
8008,296,298,0.9932885906040269,True
8011,3477,3486,0.9974182444061962,True
8016,3484,3486,0.9994262765347103,True
8021,3467,3479,0.996550732969244,True
8024,1754,3474,0.5048934945308002,False
8027,2641,2719,0.9713129827142332,True
8028,1962,1962,1.0,True
8032,1360,3398,0.4002354326074161,False
8033,3269,3476,0.9404487917146145,True
8034,2553,3472,0.7353110599078341,False
8038,2837,3097,0.9160477881821117,True
8039,3485,3486,0.9997131382673551,True
8040,2572,3479,0.739292900258695,False
8042,3367,3486,0.9658634538152611,True
8043,2562,3473,0.7376907572703715,False
8044,3481,3484,0.9991389207807119,True
8045,394,396,0.9949494949494949,True
8046,3484,3486,0.9994262765347103,True
8047,1119,3343,0.3347292850732875,False
8048,2613,3485,0.7497847919655667,False
8049,3162,3486,0.9070567986230637,True
8050,3432,3485,0.9847919655667144,True
8054,3072,3486,0.8812392426850258,True
8059,2573,3485,0.7383070301291248,False
8064,3262,3486,0.9357429718875502,True
8066,2501,3230,0.7743034055727555,False
8067,646,3254,0.19852489244007376,False
8068,1735,3375,0.5140740740740741,False
8069,3482,3486,0.9988525530694206,True
8070,3457,3468,0.9968281430219147,True
8071,2302,3481,0.661304222924447,False
8072,2962,3477,0.8518838078803567,True
8074,2805,3486,0.8046471600688468,True
8076,3480,3486,0.9982788296041308,True
8077,307,2628,0.11681887366818873,False
8078,444,444,1.0,True
8080,1529,3201,0.47766323024054985,False
8081,3480,3486,0.9982788296041308,True
8083,2789,3486,0.800057372346529,True
8084,1859,3463,0.5368177880450477,False
8085,2596,3479,0.746191434320207,False
8086,3441,3485,0.987374461979914,True
8087,1325,3213,0.41238717709305944,False
8088,3099,3486,0.8889845094664371,True
8089,1389,1421,0.9774806474313863,True
8091,3385,3480,0.9727011494252874,True
8092,2047,3486,0.587205966724039,False
8093,1722,3456,0.4982638888888889,False
8096,3401,3486,0.9756167527251864,True
8097,1908,3334,0.5722855428914218,False
8099,2278,3486,0.6534710269650029,False
8101,1958,3416,0.5731850117096019,False
8102,100,145,0.6896551724137931,False
8103,3431,3479,0.9862029318769762,True
8104,1816,1828,0.9934354485776805,True
8105,3481,3486,0.9985656913367756,True
8107,2964,3460,0.8566473988439306,True
8109,3009,3486,0.8631669535283993,True
8110,3480,3486,0.9982788296041308,True
8111,2629,3478,0.7558941920644048,False
8112,3479,3486,0.9979919678714859,True
8114,3310,3337,0.9919089002097693,True
8121,3395,3486,0.9738955823293173,True
8131,3481,3486,0.9985656913367756,True
8147,2166,3229,0.6707959120470735,False
8150,2996,2997,0.9996663329996663,True
8155,2942,3324,0.885078219013237,True
8162,541,582,0.929553264604811,True
8163,3480,3485,0.9985652797704447,True
8171,2639,3485,0.7572453371592539,False
8176,2377,3191,0.744907552491382,False
8182,2626,3486,0.7532989099254159,False
8183,2777,3486,0.7966150315547906,False
8199,164,165,0.9939393939393939,True
8201,3016,3479,0.8669157803966657,True
8210,3473,3486,0.9962707974756168,True
8213,3480,3485,0.9985652797704447,True
8215,3478,3486,0.9977051061388411,True
8222,2641,2804,0.9418687589158345,True
8227,871,871,1.0,True
8234,3279,3486,0.9406196213425129,True
8240,2857,3486,0.8195639701663798,True
8249,3429,3479,0.9856280540385168,True
8255,3458,3486,0.9919678714859438,True
8261,3350,3476,0.9637514384349828,True
8271,3471,3478,0.9979873490511788,True
8272,278,430,0.6465116279069767,False
8277,3100,3486,0.8892713711990821,True
8279,1808,2395,0.7549060542797494,False
8284,1140,1510,0.7549668874172185,False
8289,2190,3478,0.6296722254169063,False
8291,169,2763,0.06116539992761491,False
8299,3481,3486,0.9985656913367756,True
8341,2772,2772,1.0,True
8342,770,2025,0.3802469135802469,False
8349,2873,3482,0.8251005169442849,True
8354,1474,3473,0.42441693060754393,False
8358,2654,3486,0.7613310384394721,False
8367,1792,1916,0.9352818371607515,True
8374,3338,3486,0.9575444635685599,True
8383,3438,3486,0.9862306368330465,True
8390,2653,3479,0.7625754527162978,False
8401,1926,3486,0.5524956970740104,False
8403,3295,3486,0.9452094090648308,True
8404,3409,3486,0.9779116465863453,True
8409,1494,3084,0.48443579766536965,False
8410,2480,3466,0.7155222158107328,False
8411,3220,3486,0.9236947791164659,True
8415,2323,2411,0.9635006221484861,True
8416,1750,3387,0.5166814289932093,False
8418,1128,2844,0.39662447257383965,False
8420,1230,2686,0.45793000744601636,False
8421,1782,3332,0.5348139255702281,False
8422,3478,3479,0.9997125610807703,True
8423,749,3182,0.23538654934003772,False
8424,1342,3311,0.4053156146179402,False
8426,2285,3448,0.6627030162412993,False
8427,1693,2279,0.7428696796840719,False
8429,3305,3322,0.9948826008428657,True
8431,2746,2767,0.9924105529454282,True
8432,2696,3485,0.7736011477761836,False
8433,2468,3305,0.7467473524962178,False
8435,1650,3313,0.49803803199517055,False
8436,3137,3145,0.997456279809221,True
8437,2677,2743,0.9759387531899381,True
8438,998,1067,0.9353327085285849,True
8440,1614,2031,0.794682422451994,False
8442,1858,2368,0.7846283783783784,False
8443,2179,2897,0.752157404211253,False
8444,1945,2598,0.7486528098537336,False
8446,2923,3077,0.9499512512187195,True
8450,2185,2881,0.7584172162443596,False
8454,2825,2830,0.9982332155477032,True
8455,581,2317,0.25075528700906347,False
8462,1795,1796,0.9994432071269488,True
8463,2426,2697,0.8995179829440119,True
8464,2584,2584,1.0,True
8466,2140,2373,0.9018120522545301,True
8467,1818,2478,0.7336561743341404,False
8472,807,2464,0.3275162337662338,False
8473,2373,2410,0.9846473029045644,True
8476,661,661,1.0,True
8477,1380,2371,0.5820328975115985,False
8478,2024,2101,0.9633507853403142,True
8480,1198,1487,0.8056489576328177,True
8481,1713,2286,0.7493438320209974,False
8482,1701,1896,0.8971518987341772,True
8487,495,570,0.868421052631579,True
8488,1483,2206,0.672257479601088,False
8489,2193,2258,0.9712134632418069,True
8497,371,845,0.4390532544378698,False
8499,1992,2105,0.9463182897862232,True
8905,2346,3470,0.6760806916426513,False
8906,1182,3282,0.360146252285192,False
8908,1320,3376,0.3909952606635071,False
8916,3146,3486,0.9024670109007459,True
8917,742,2599,0.28549442093112737,False
8921,216,2155,0.10023201856148492,False
8923,485,3067,0.15813498532768178,False
8924,2862,3479,0.8226501868352974,True
8926,3481,3486,0.9985656913367756,True
8927,1967,3472,0.5665322580645161,False
8928,2514,3474,0.7236614853195165,False
8929,2089,3481,0.6001149095087619,False
8930,2108,3486,0.6047045324153758,False
8931,1708,3485,0.4901004304160689,False
8932,2163,3390,0.6380530973451327,False
8933,3164,3479,0.9094567404426559,True
8935,2107,3468,0.6075547866205305,False
8936,3473,3486,0.9962707974756168,True
8937,1841,3466,0.5311598384304674,False
8938,3251,3485,0.9328550932568149,True
8940,2486,3484,0.7135476463834672,False
8941,1002,3388,0.2957497048406139,False
8942,3473,3478,0.9985623921794134,True
8996,3033,3043,0.9967137693066053,True
910069,292,444,0.6576576576576577,False
9103,1694,3486,0.4859437751004016,False
910322,2977,3313,0.8985813462118926,True
9104,30,42,0.7142857142857143,False
910482,433,1966,0.2202441505595117,False
9105,3138,3486,0.9001721170395869,True
910579,218,310,0.7032258064516129,False
9106,290,1148,0.25261324041811845,False
910708,396,963,0.411214953271028,False
910801,737,1378,0.534833091436865,False
910861,2855,3293,0.8669905860917096,True
910948,212,519,0.40847784200385356,False
9110,539,3371,0.15989320676357163,False
911201,112,389,0.2879177377892031,False
911602,137,270,0.5074074074074074,False
911606,105,111,0.9459459459459459,True
911608,696,3045,0.22857142857142856,False
911609,554,766,0.7232375979112271,False
911610,389,423,0.9196217494089834,True
911611,300,1116,0.26881720430107525,False
911612,481,921,0.5222584147665581,False
911616,840,2283,0.3679369250985545,False
911619,367,1328,0.276355421686747,False
911622,636,2042,0.31145935357492655,False
911626,284,812,0.3497536945812808,False
911868,1636,3398,0.48145968216598,False
912000,2182,3322,0.6568332329921734,False
912398,786,2112,0.3721590909090909,False
9136,3302,3469,0.9518593254540213,True
913889,314,871,0.3605051664753157,False
9151,352,360,0.9777777777777777,True
9157,91,1831,0.0496996176952485,False
9188,910,2365,0.38477801268498946,False
9802,3356,3367,0.9967329967329968,True
9902,3048,3486,0.8743545611015491,True
9904,3486,3486,1.0,True
9905,3450,3486,0.9896729776247849,True
9906,3157,3486,0.9056224899598394,True
9907,3482,3486,0.9988525530694206,True
9908,3340,3486,0.9581181870338497,True
9910,3486,3486,1.0,True
9911,3472,3476,0.998849252013809,True
9912,2718,3484,0.7801377726750861,False
9914,3486,3486,1.0,True
9917,3482,3486,0.9988525530694206,True
9918,2196,3450,0.6365217391304347,False
9919,3251,3486,0.9325874928284567,True
9921,3483,3486,0.9991394148020654,True
9924,3464,3480,0.9954022988505747,True
9925,3472,3486,0.9959839357429718,True
9926,2273,3396,0.6693168433451119,False
9927,3455,3472,0.9951036866359447,True
9928,724,3421,0.2116340251388483,False
9929,2220,3435,0.6462882096069869,False
9930,3373,3486,0.9675846242111302,True
9931,1949,3352,0.5814439140811456,False
9933,3484,3485,0.999713055954089,True
9934,3481,3486,0.9985656913367756,True
9935,3282,3486,0.9414802065404475,True
9937,3219,3482,0.924468696151637,True
9938,3484,3486,0.9994262765347103,True
9939,3486,3486,1.0,True
9940,3481,3486,0.9985656913367756,True
9941,3482,3486,0.9988525530694206,True
9942,3412,3486,0.97877223178428,True
9943,3454,3478,0.9930994824611846,True
9944,2900,3486,0.831899024670109,True
9945,3471,3472,0.9997119815668203,True
9946,3015,3141,0.9598853868194842,True
9949,893,3472,0.2572004608294931,False
9950,958,3409,0.28102082722205923,False
9951,3392,3486,0.9730349971313826,True
9955,2991,3486,0.8580034423407917,True
9958,3158,3486,0.9059093516924842,True
9960,1549,3420,0.4529239766081871,False
9962,1667,3479,0.47916067835584936,False
